Date,Unique visitors,Visits,Users,Actions,Maximum actions in one visit,Bounces,Total time spent by visitors (in seconds),Returning Visits,Actions by Returning Visits,Unique returning visitors,Returning Users,Maximum actions in one returning visit,Bounce Rate for Returning Visits,Avg. Actions per Returning Visit,Avg. Duration of a Returning Visit (in sec),Conversions,Visits with Conversions,Revenue,Conversion Rate,nb_conversions_new_visit,nb_visits_converted_new_visit,revenue_new_visit,conversion_rate_new_visit,nb_conversions_returning_visit,nb_visits_converted_returning_visit,revenue_returning_visit,conversion_rate_returning_visit,Pageviews,Unique Pageviews,Downloads,Unique Downloads,Outlinks,Unique Outlinks,Searches,Unique Keywords,nb_hits_with_time_generation,Avg. generation time,Bounce Rate,Actions per Visit,Avg. Visit Duration (in seconds)
2017-08-31,5,8,0,31,20,5,708,3,7,2,0,4,33%,2.3,00:00:20,0,0,0,0%,0,0,0,0%,0,0,0,0%,31,20,0,0,0,0,0,0,30,0.1s,63%,3.9,00:01:29
2017-09-01,1,1,0,1,1,1,0,,,,,,0%,0,00:00:00,0,0,0,0%,0,0,0,0%,,,,,1,1,0,0,0,0,0,0,1,0.08s,100%,1,00:00:00
2017-09-02,1,1,0,1,1,1,0,,,,,,0%,0,00:00:00,0,0,0,0%,0,0,0,0%,,,,,1,1,0,0,0,0,0,0,1,0.11s,100%,1,00:00:00
2017-09-04,3,3,0,23,20,1,930,,,,,,0%,0,00:00:00,0,0,0,0%,0,0,0,0%,,,,,23,10,0,0,0,0,0,0,23,3.43s,33%,7.7,00:05:10
2017-09-05,4,11,0,205,151,4,9125,9,191,2,0,151,44%,21.2,00:09:27,0,0,0,0%,0,0,0,0%,0,0,0,0%,204,96,0,0,1,1,0,0,204,0.59s,36%,18.6,00:13:50
2017-09-06,6,13,0,149,54,2,12895,9,93,3,0,54,22%,10.3,00:16:08,0,0,0,0%,0,0,0,0%,0,0,0,0%,146,71,3,3,0,0,0,0,146,0.11s,15%,11.5,00:16:32
2017-09-07,10,28,0,395,101,14,19988,22,161,7,0,64,64%,7.3,00:07:01,0,0,0,0%,0,0,0,0%,0,0,0,0%,392,122,1,1,2,2,0,0,392,0.16s,50%,14.1,00:11:54
2017-09-08,12,16,0,146,52,7,12278,9,127,5,0,52,33%,14.1,00:17:56,0,0,0,0%,0,0,0,0%,0,0,0,0%,134,64,4,4,8,8,0,0,133,0.14s,44%,9.1,00:12:47
2017-09-09,9,12,0,92,39,3,5739,6,72,5,0,39,17%,12,00:10:24,0,0,0,0%,0,0,0,0%,0,0,0,0%,92,54,0,0,0,0,0,0,92,0.22s,25%,7.7,00:07:58
2017-09-10,14,16,0,77,33,10,9305,5,47,5,0,33,20%,9.4,00:27:37,0,0,0,0%,0,0,0,0%,0,0,0,0%,75,51,2,2,0,0,0,0,73,0.24s,63%,4.8,00:09:42
2017-09-11,53,66,0,470,126,22,28612,18,280,10,0,126,17%,15.6,00:12:43,0,0,0,0%,0,0,0,0%,0,0,0,0%,274,198,189,173,7,7,0,0,271,0.3s,33%,7.1,00:07:14
2017-09-12,27,32,0,187,72,13,9787,14,83,9,0,30,29%,5.9,00:07:20,0,0,0,0%,0,0,0,0%,0,0,0,0%,170,83,16,15,1,1,0,0,170,0.26s,41%,5.8,00:05:06
2017-09-13,18,23,0,69,22,14,2292,13,53,9,0,22,62%,4.1,00:02:44,0,0,0,0%,0,0,0,0%,0,0,0,0%,67,49,2,2,0,0,0,0,67,1.27s,61%,3,00:01:40
2017-09-14,11,12,0,16,3,9,830,2,3,2,0,2,50%,1.5,00:00:01,0,0,0,0%,0,0,0,0%,0,0,0,0%,15,15,1,1,0,0,0,0,15,0.16s,75%,1.3,00:01:09
2017-09-15,12,19,0,86,16,7,8783,10,54,5,0,16,30%,5.4,00:09:57,0,0,0,0%,0,0,0,0%,0,0,0,0%,75,52,8,7,3,3,0,0,75,0.18s,37%,4.5,00:07:42
2017-09-16,5,6,0,33,8,1,2021,3,16,2,0,6,0%,5.3,00:09:38,0,0,0,0%,0,0,0,0%,0,0,0,0%,27,19,6,2,0,0,0,0,27,0.3s,17%,5.5,00:05:37
2017-09-17,6,8,0,123,67,1,3688,5,51,3,0,43,20%,10.2,00:06:14,0,0,0,0%,0,0,0,0%,0,0,0,0%,114,37,9,9,0,0,0,0,114,0.29s,13%,15.4,00:07:41
2017-09-18,39,48,0,205,35,25,5597,14,87,6,0,35,36%,6.2,00:01:59,0,0,0,0%,0,0,0,0%,0,0,0,0%,199,123,2,2,4,4,0,0,195,0.2s,52%,4.3,00:01:57
2017-09-19,173,259,0,1988,59,84,111648,88,575,40,0,54,41%,6.5,00:07:05,0,0,0,0%,0,0,0,0%,0,0,0,0%,1958,1038,16,16,14,13,0,0,1906,0.49s,32%,7.7,00:07:11
2017-09-20,108,125,0,707,45,43,37736,28,183,22,0,39,36%,6.5,00:05:14,0,0,0,0%,0,0,0,0%,0,0,0,0%,690,418,13,12,4,3,0,0,688,0.33s,34%,5.7,00:05:02
2017-09-21,74,94,0,493,28,33,34799,29,160,22,0,22,24%,5.5,00:06:18,0,0,0,0%,0,0,0,0%,0,0,0,0%,481,318,10,10,2,2,0,0,465,0.6s,35%,5.2,00:06:10
2017-09-22,79,111,0,1068,118,37,65104,47,392,28,0,54,40%,8.3,00:11:43,0,0,0,0%,0,0,0,0%,0,0,0,0%,1051,456,5,5,12,9,0,0,1040,0.31s,33%,9.6,00:09:47
2017-09-23,37,56,0,444,94,27,21024,29,146,18,0,24,55%,5,00:03:19,0,0,0,0%,0,0,0,0%,0,0,0,0%,432,191,8,8,4,4,0,0,431,0.35s,48%,7.9,00:06:15
2017-09-24,30,33,0,244,60,12,14713,9,51,8,0,36,56%,5.7,00:04:06,0,0,0,0%,0,0,0,0%,0,0,0,0%,235,104,7,6,2,2,0,0,235,0.41s,36%,7.4,00:07:26
2017-09-25,77,126,0,1093,88,48,65051,65,520,31,0,65,48%,8,00:07:14,0,0,0,0%,0,0,0,0%,0,0,0,0%,1077,534,14,14,2,2,0,0,1063,0.37s,38%,8.7,00:08:36
2017-09-26,68,96,0,769,60,30,46354,42,330,23,0,60,36%,7.9,00:08:48,0,0,0,0%,0,0,0,0%,0,0,0,0%,757,358,3,3,9,6,0,0,732,0.27s,31%,8,00:08:03
2017-09-27,75,102,0,805,78,34,49956,49,422,30,0,78,41%,8.6,00:08:52,0,0,0,0%,0,0,0,0%,0,0,0,0%,790,409,11,8,4,3,0,0,789,0.43s,33%,7.9,00:08:10
2017-09-28,67,100,0,633,78,52,31306,53,429,31,0,78,57%,8.1,00:04:36,0,0,0,0%,0,0,0,0%,0,0,0,0%,626,315,4,4,3,3,0,0,624,0.83s,52%,6.3,00:05:13
2017-09-29,60,84,0,509,47,33,30878,35,199,26,0,31,43%,5.7,00:06:28,0,0,0,0%,0,0,0,0%,0,0,0,0%,502,302,4,4,3,3,0,0,499,0.59s,39%,6.1,00:06:08
2017-09-30,30,34,0,186,45,16,8520,11,26,8,0,10,55%,2.4,00:01:14,0,0,0,0%,0,0,0,0%,0,0,0,0%,183,98,0,0,3,3,0,0,183,0.93s,47%,5.5,00:04:11
2017-10-01,29,54,0,390,43,27,23015,37,235,16,0,30,46%,6.4,00:05:13,0,0,0,0%,0,0,0,0%,0,0,0,0%,386,205,1,1,3,2,0,0,386,0.3s,50%,7.2,00:07:06
2017-10-02,57,76,0,503,74,31,25019,34,272,19,0,74,50%,8,00:05:58,0,0,0,0%,0,0,0,0%,0,0,0,0%,493,246,7,6,3,3,0,0,488,0.95s,41%,6.6,00:05:29
2017-10-03,79,104,0,1027,91,27,58831,44,391,32,0,51,32%,8.9,00:09:37,0,0,0,0%,0,0,0,0%,0,0,0,0%,1021,490,0,0,6,5,0,0,1019,0.36s,26%,9.9,00:09:26
2017-10-04,67,92,0,939,124,33,50372,49,430,36,0,66,41%,8.8,00:08:31,0,0,0,0%,0,0,0,0%,0,0,0,0%,924,377,6,6,9,9,0,0,922,0.5s,36%,10.2,00:09:08
2017-10-05,47,75,0,656,79,34,37411,42,449,25,0,79,43%,10.7,00:09:20,0,0,0,0%,0,0,0,0%,0,0,0,0%,635,277,8,6,13,13,0,0,630,2.07s,45%,8.7,00:08:19
2017-10-06,48,74,0,857,311,43,27123,38,645,21,0,311,61%,17,00:08:23,0,0,0,0%,0,0,0,0%,0,0,0,0%,855,294,1,1,1,1,0,0,853,0.31s,58%,11.6,00:06:07
2017-10-07,27,41,0,533,147,18,27530,25,285,14,0,147,60%,11.4,00:09:29,0,0,0,0%,0,0,0,0%,0,0,0,0%,525,201,6,6,2,2,0,0,498,0.32s,44%,13,00:11:11
2017-10-08,20,31,0,161,52,13,10852,19,106,9,0,52,47%,5.6,00:06:48,0,0,0,0%,0,0,0,0%,0,0,0,0%,161,98,0,0,0,0,0,0,161,0.52s,42%,5.2,00:05:50
2017-10-09,49,74,0,811,111,33,33088,44,457,21,0,111,52%,10.4,00:04:40,0,0,0,0%,0,0,0,0%,0,0,0,0%,807,284,0,0,4,4,0,0,806,0.47s,45%,11,00:07:27
2017-10-10,61,86,0,890,89,33,45523,44,456,28,0,57,48%,10.4,00:08:12,0,0,0,0%,0,0,0,0%,0,0,0,0%,879,395,10,9,1,1,0,0,875,0.42s,38%,10.3,00:08:49
2017-10-11,51,69,0,381,54,31,21211,37,290,23,0,54,49%,7.8,00:06:38,0,0,0,0%,0,0,0,0%,0,0,0,0%,375,216,4,4,2,2,0,0,351,0.8s,45%,5.5,00:05:07
2017-10-12,66,77,0,1087,200,28,46555,28,187,25,0,34,46%,6.7,00:06:49,0,0,0,0%,0,0,0,0%,0,0,0,0%,1072,361,14,12,1,1,0,0,1069,0.47s,36%,14.1,00:10:05
2017-10-13,60,96,0,678,51,39,39339,50,340,27,0,51,44%,6.8,00:06:13,0,0,0,0%,0,0,0,0%,0,0,0,0%,658,339,15,14,5,5,0,0,657,0.44s,41%,7.1,00:06:50
2017-10-14,24,30,0,245,62,11,10181,8,11,5,0,3,75%,1.4,00:02:33,0,0,0,0%,0,0,0,0%,0,0,0,0%,243,102,0,0,2,2,0,0,243,0.51s,37%,8.2,00:05:39
2017-10-15,25,29,0,170,24,15,7357,6,32,5,0,14,33%,5.3,00:02:36,0,0,0,0%,0,0,0,0%,0,0,0,0%,164,100,5,5,1,1,0,0,164,0.3s,52%,5.9,00:04:14
2017-10-16,73,108,0,788,80,43,34996,58,390,36,0,80,45%,6.7,00:05:04,0,0,0,0%,0,0,0,0%,0,0,0,0%,777,430,7,7,4,4,0,0,775,0.82s,40%,7.3,00:05:24
2017-10-17,54,74,0,610,125,26,32480,32,159,20,0,30,41%,5,00:07:09,0,0,0,0%,0,0,0,0%,0,0,0,0%,600,262,5,4,5,5,0,0,589,0.56s,35%,8.2,00:07:19
2017-10-18,92,139,0,1464,85,51,110693,57,497,30,0,85,51%,8.7,00:10:30,0,0,0,0%,0,0,0,0%,0,0,0,0%,1455,602,3,3,6,5,0,0,1452,1.09s,37%,10.5,00:13:16
2017-10-19,87,127,0,1093,84,42,69018,73,645,45,0,84,36%,8.8,00:08:11,0,0,0,0%,0,0,0,0%,0,0,0,0%,1091,530,1,1,1,1,0,0,1082,0.66s,33%,8.6,00:09:03
2017-10-20,101,152,0,1757,127,46,120537,85,1022,52,0,127,34%,12,00:13:13,0,0,0,0%,0,0,0,0%,0,0,0,0%,1726,726,17,15,14,14,0,0,1726,0.83s,30%,11.6,00:13:13
2017-10-21,67,103,0,1109,79,40,80509,66,619,40,0,79,48%,9.4,00:12:29,0,0,0,0%,0,0,0,0%,0,0,0,0%,1103,476,3,3,3,3,0,0,1102,0.59s,39%,10.8,00:13:02
2017-10-22,25,32,0,416,106,10,29480,11,286,7,0,106,36%,26,00:32:44,0,0,0,0%,0,0,0,0%,0,0,0,0%,414,179,2,2,0,0,0,0,414,0.35s,31%,13,00:15:21
2017-10-23,66,95,0,899,84,38,45883,52,349,30,0,48,46%,6.7,00:04:37,0,0,0,0%,0,0,0,0%,0,0,0,0%,880,416,13,11,6,6,0,0,878,0.46s,40%,9.5,00:08:03
2017-10-24,73,93,0,584,53,35,28677,42,293,30,0,42,36%,7,00:04:02,0,0,0,0%,0,0,0,0%,0,0,0,0%,545,368,29,29,10,8,0,0,533,0.4s,38%,6.3,00:05:08
2017-10-25,76,110,0,889,55,41,63112,53,292,35,0,43,49%,5.5,00:05:31,0,0,0,0%,0,0,0,0%,0,0,0,0%,855,479,17,14,17,8,0,0,850,0.54s,37%,8.1,00:09:34
2017-10-26,45,64,0,386,74,29,18519,38,243,23,0,59,50%,6.4,00:03:49,0,0,0,0%,0,0,0,0%,0,0,0,0%,362,173,19,14,5,4,0,0,358,0.74s,45%,6,00:04:49
2017-10-27,72,98,0,1446,217,38,54821,47,633,29,0,91,45%,13.5,00:08:00,0,0,0,0%,0,0,0,0%,0,0,0,0%,1434,478,6,5,6,6,0,0,1428,0.4s,39%,14.8,00:09:19
2017-10-28,32,57,0,547,68,20,27366,39,399,18,0,68,41%,10.2,00:07:02,0,0,0,0%,0,0,0,0%,0,0,0,0%,537,267,8,8,2,2,0,0,537,0.39s,35%,9.6,00:08:00
2017-10-29,13,18,0,134,52,10,6096,10,16,7,0,4,70%,1.6,00:00:38,0,0,0,0%,0,0,0,0%,0,0,0,0%,131,64,3,3,0,0,0,0,131,0.31s,56%,7.4,00:05:39
2017-10-30,49,67,0,400,28,25,21548,33,163,18,0,19,48%,4.9,00:04:29,0,0,0,0%,0,0,0,0%,0,0,0,0%,394,268,2,2,4,4,0,0,356,1.21s,37%,6,00:05:22
2017-10-31,62,79,0,462,27,25,26057,37,310,31,0,27,24%,8.4,00:06:36,0,0,0,0%,0,0,0,0%,0,0,0,0%,446,267,4,4,12,10,0,0,429,0.53s,32%,5.8,00:05:30
2017-11-01,36,47,0,290,57,16,13436,22,145,18,0,29,41%,6.6,00:03:40,0,0,0,0%,0,0,0,0%,0,0,0,0%,283,164,5,5,2,2,0,0,280,0.26s,34%,6.2,00:04:46
2017-11-02,60,84,0,537,55,35,37733,43,304,28,0,55,42%,7.1,00:06:56,0,0,0,0%,0,0,0,0%,0,0,0,0%,535,343,0,0,2,2,0,0,520,0.4s,42%,6.4,00:07:29
2017-11-03,67,85,0,828,72,37,35902,49,326,39,0,72,55%,6.7,00:06:03,0,0,0,0%,0,0,0,0%,0,0,0,0%,822,374,2,2,4,4,0,0,817,0.52s,44%,9.7,00:07:02
2017-11-04,35,48,0,417,52,14,13669,25,191,15,0,46,32%,7.6,00:04:42,0,0,0,0%,0,0,0,0%,0,0,0,0%,412,220,2,2,3,3,0,0,411,0.83s,29%,8.7,00:04:45
2017-11-05,24,31,0,392,278,15,10979,9,43,5,0,29,67%,4.8,00:03:30,0,0,0,0%,0,0,0,0%,0,0,0,0%,392,105,0,0,0,0,0,0,389,0.28s,48%,12.6,00:05:54
2017-11-06,60,76,0,605,89,27,25552,34,288,25,0,89,38%,8.5,00:04:31,0,0,0,0%,0,0,0,0%,0,0,0,0%,604,320,1,1,0,0,0,0,602,0.47s,36%,8,00:05:36
2017-11-07,49,62,0,592,56,20,37219,31,226,20,0,28,35%,7.3,00:08:36,0,0,0,0%,0,0,0,0%,0,0,0,0%,586,299,2,2,4,4,0,0,584,0.31s,32%,9.5,00:10:00
2017-11-08,83,128,0,1071,78,43,54737,71,593,36,0,45,42%,8.4,00:06:31,0,0,0,0%,0,0,0,0%,0,0,0,0%,1066,556,3,3,2,2,0,0,1063,0.45s,34%,8.4,00:07:08
2017-11-09,60,85,0,623,71,31,32317,48,441,25,0,71,38%,9.2,00:06:48,0,0,0,0%,0,0,0,0%,0,0,0,0%,613,360,9,9,1,1,0,0,613,0.56s,36%,7.3,00:06:20
2017-11-10,38,65,0,451,42,29,19245,40,219,18,0,37,55%,5.5,00:03:36,0,0,0,0%,0,0,0,0%,0,0,0,0%,446,259,3,3,2,2,0,0,444,0.39s,45%,6.9,00:04:56
2017-11-11,33,53,0,401,91,26,12369,32,248,17,0,91,50%,7.8,00:03:11,0,0,0,0%,0,0,0,0%,0,0,0,0%,394,184,4,4,3,2,0,0,393,1.36s,49%,7.6,00:03:53
2017-11-12,22,28,0,229,36,12,19577,13,118,9,0,36,46%,9.1,00:21:24,0,0,0,0%,0,0,0,0%,0,0,0,0%,224,115,2,2,3,1,0,0,224,0.54s,43%,8.2,00:11:39
2017-11-13,59,93,0,918,108,35,43252,56,502,28,0,108,48%,9,00:07:02,0,0,0,0%,0,0,0,0%,0,0,0,0%,909,414,6,6,3,3,0,0,909,0.4s,38%,9.9,00:07:45
2017-11-14,60,74,0,590,41,26,27077,38,366,28,0,41,29%,9.6,00:06:38,0,0,0,0%,0,0,0,0%,0,0,0,0%,581,319,4,4,5,5,0,0,580,0.52s,35%,8,00:06:06
2017-11-15,59,83,0,1040,223,29,38349,50,755,30,0,223,36%,15.1,00:08:11,0,0,0,0%,0,0,0,0%,0,0,0,0%,1033,446,3,3,4,4,0,0,1032,1.6s,35%,12.5,00:07:42
2017-11-16,99,146,0,1141,80,52,65901,64,422,37,0,80,48%,6.6,00:06:47,0,0,0,0%,0,0,0,0%,0,0,0,0%,1135,574,1,1,5,5,0,0,1133,0.99s,36%,7.8,00:07:31
2017-11-17,55,81,0,599,46,30,38121,37,256,20,0,39,46%,6.9,00:08:05,0,0,0,0%,0,0,0,0%,0,0,0,0%,591,304,6,5,2,2,0,0,587,1.95s,37%,7.4,00:07:51
2017-11-18,43,54,0,573,50,12,32206,24,220,16,0,42,33%,9.2,00:09:17,0,0,0,0%,0,0,0,0%,0,0,0,0%,570,253,2,2,1,1,0,0,569,3.16s,22%,10.6,00:09:56
2017-11-19,47,69,0,858,156,31,34945,33,209,21,0,30,61%,6.3,00:04:28,0,0,0,0%,0,0,0,0%,0,0,0,0%,853,312,5,3,0,0,0,0,853,0.48s,45%,12.4,00:08:26
2017-11-20,85,125,0,915,75,62,41917,67,462,33,0,75,57%,6.9,00:04:57,0,0,0,0%,0,0,0,0%,0,0,0,0%,905,446,5,5,5,4,0,0,902,0.39s,50%,7.3,00:05:35
2017-11-21,62,91,0,757,64,38,38629,46,234,25,0,32,48%,5.1,00:04:08,0,0,0,0%,0,0,0,0%,0,0,0,0%,750,370,4,3,3,2,0,0,749,0.4s,42%,8.3,00:07:04
2017-11-22,65,92,0,770,70,37,52359,39,156,20,0,22,56%,4,00:04:58,0,0,0,0%,0,0,0,0%,0,0,0,0%,760,374,10,5,0,0,0,0,758,0.74s,40%,8.4,00:09:29
2017-11-23,56,76,0,654,87,29,35308,35,234,20,0,36,46%,6.7,00:05:31,0,0,0,0%,0,0,0,0%,0,0,0,0%,646,304,5,5,3,3,0,0,643,0.38s,38%,8.6,00:07:45
2017-11-24,47,69,0,488,52,32,26276,38,205,24,0,52,53%,5.4,00:03:46,0,0,0,0%,0,0,0,0%,0,0,0,0%,486,256,1,1,1,1,0,0,483,0.44s,46%,7.1,00:06:21
2017-11-25,33,40,0,402,50,14,19159,16,164,13,0,47,50%,10.3,00:09:27,0,0,0,0%,0,0,0,0%,0,0,0,0%,397,174,0,0,5,5,0,0,397,0.42s,35%,10.1,00:07:59
2017-11-26,27,38,0,330,58,16,10137,18,133,13,0,32,50%,7.4,00:05:07,0,0,0,0%,0,0,0,0%,0,0,0,0%,330,156,0,0,0,0,0,0,330,0.35s,42%,8.7,00:04:27
2017-11-27,77,124,0,1349,167,48,85536,77,573,39,0,58,44%,7.4,00:10:24,0,0,0,0%,0,0,0,0%,0,0,0,0%,1337,570,6,6,6,6,0,0,1314,0.74s,39%,10.9,00:11:30
2017-11-28,85,123,0,1440,183,45,62604,68,573,38,0,122,49%,8.4,00:07:15,0,0,0,0%,0,0,0,0%,0,0,0,0%,1429,530,7,5,4,4,0,0,1427,0.43s,37%,11.7,00:08:29
2017-11-29,81,116,0,1549,192,40,65746,67,722,37,0,101,37%,10.8,00:07:41,0,0,0,0%,0,0,0,0%,0,0,0,0%,1536,554,11,9,2,2,0,0,1525,0.77s,34%,13.4,00:09:27
2017-11-30,54,96,0,782,127,51,42518,67,467,31,0,127,64%,7,00:05:01,0,0,0,0%,0,0,0,0%,0,0,0,0%,778,342,2,2,2,2,0,0,775,0.37s,53%,8.1,00:07:23
2017-12-01,55,73,0,637,80,33,25332,37,402,25,0,80,49%,10.9,00:07:40,0,0,0,0%,0,0,0,0%,0,0,0,0%,635,309,2,2,0,0,0,0,634,0.43s,45%,8.7,00:05:47
2017-12-02,28,38,0,486,161,16,21258,23,352,18,0,161,43%,15.3,00:10:31,0,0,0,0%,0,0,0,0%,0,0,0,0%,485,187,1,1,0,0,0,0,484,0.52s,42%,12.8,00:09:19
2017-12-03,38,61,0,606,55,25,32288,37,335,18,0,55,57%,9.1,00:05:19,0,0,0,0%,0,0,0,0%,0,0,0,0%,598,266,4,4,4,3,0,0,598,0.54s,41%,9.9,00:08:49
2017-12-04,55,81,0,664,89,36,40565,50,276,31,0,40,54%,5.5,00:04:16,0,0,0,0%,0,0,0,0%,0,0,0,0%,662,317,2,2,0,0,0,0,657,0.95s,44%,8.2,00:08:21
2017-12-05,55,63,0,524,92,24,27616,26,200,22,0,68,50%,7.7,00:09:01,0,0,0,0%,0,0,0,0%,0,0,0,0%,520,248,4,3,0,0,0,0,518,0.78s,38%,8.3,00:07:18
2017-12-06,63,87,0,884,108,27,40353,49,522,30,0,108,41%,10.7,00:07:01,0,0,0,0%,0,0,0,0%,0,0,0,0%,877,408,7,7,0,0,0,0,872,0.52s,31%,10.2,00:07:44
2017-12-07,59,80,0,611,99,37,30512,37,267,24,0,49,51%,7.2,00:05:35,0,0,0,0%,0,0,0,0%,0,0,0,0%,607,274,4,4,0,0,0,0,602,0.55s,46%,7.6,00:06:21
2017-12-08,59,141,0,1377,121,68,76242,82,509,27,0,71,54%,6.2,00:06:09,0,0,0,0%,0,0,0,0%,0,0,0,0%,1366,585,4,4,7,7,0,0,1337,0.8s,48%,9.8,00:09:01
2017-12-09,38,45,0,287,64,20,15424,16,47,14,0,12,69%,2.9,00:01:10,0,0,0,0%,0,0,0,0%,0,0,0,0%,286,157,0,0,1,1,0,0,286,0.42s,44%,6.4,00:05:43
2017-12-10,68,117,0,997,60,41,91896,57,365,35,0,38,42%,6.4,00:10:14,0,0,0,0%,0,0,0,0%,0,0,0,0%,987,490,7,7,3,3,0,0,987,0.89s,35%,8.5,00:13:05
2017-12-11,46,68,0,378,53,34,17184,38,189,22,0,45,66%,5,00:03:02,0,0,0,0%,0,0,0,0%,0,0,0,0%,376,196,2,2,0,0,0,0,376,0.63s,50%,5.6,00:04:13
2017-12-12,49,70,0,503,48,32,28890,36,205,24,0,45,61%,5.7,00:06:02,0,0,0,0%,0,0,0,0%,0,0,0,0%,498,246,3,2,2,2,0,0,498,0.4s,46%,7.2,00:06:53
2017-12-13,49,68,0,407,35,30,16957,38,201,22,0,35,53%,5.3,00:03:35,0,0,0,0%,0,0,0,0%,0,0,0,0%,404,225,2,2,1,1,0,0,404,0.37s,44%,6,00:04:09
2017-12-14,57,86,0,642,75,37,29303,48,272,24,0,75,58%,5.7,00:04:43,0,0,0,0%,0,0,0,0%,0,0,0,0%,635,313,4,4,3,3,0,0,605,1.51s,43%,7.5,00:05:41
2017-12-15,49,73,0,586,74,29,24542,41,265,19,0,59,51%,6.5,00:03:22,0,0,0,0%,0,0,0,0%,0,0,0,0%,585,261,0,0,1,1,0,0,585,1.39s,40%,8,00:05:36
2017-12-16,37,55,0,442,61,26,23193,27,215,16,0,61,59%,8,00:06:13,0,0,0,0%,0,0,0,0%,0,0,0,0%,435,193,4,4,3,3,0,0,434,0.58s,47%,8,00:07:02
2017-12-17,29,44,0,374,83,21,16264,20,124,10,0,29,65%,6.2,00:03:23,0,0,0,0%,0,0,0,0%,0,0,0,0%,367,170,6,6,1,1,0,0,365,0.6s,48%,8.5,00:06:10
2017-12-18,56,76,0,867,152,30,32159,37,416,21,0,152,54%,11.2,00:06:44,0,0,0,0%,0,0,0,0%,0,0,0,0%,863,347,4,3,0,0,0,0,859,0.47s,39%,11.4,00:07:03
2017-12-19,47,69,0,661,70,26,26113,37,307,18,0,70,51%,8.3,00:04:36,0,0,0,0%,0,0,0,0%,0,0,0,0%,651,278,1,1,9,8,0,0,651,0.43s,38%,9.6,00:06:18
2017-12-20,48,65,0,417,54,28,22403,27,157,19,0,28,41%,5.8,00:05:09,0,0,0,0%,0,0,0,0%,0,0,0,0%,416,227,0,0,1,1,0,0,404,0.55s,43%,6.4,00:05:45
2017-12-21,50,61,0,402,47,20,21356,30,270,21,0,47,37%,9,00:08:15,0,0,0,0%,0,0,0,0%,0,0,0,0%,400,227,0,0,2,2,0,0,399,0.78s,33%,6.6,00:05:50
2017-12-22,32,45,0,345,66,18,16995,21,157,11,0,66,62%,7.5,00:04:26,0,0,0,0%,0,0,0,0%,0,0,0,0%,342,154,2,2,1,1,0,0,340,0.8s,40%,7.7,00:06:18
2017-12-23,14,20,0,88,21,9,1444,10,58,6,0,21,50%,5.8,00:01:37,0,0,0,0%,0,0,0,0%,0,0,0,0%,88,60,0,0,0,0,0,0,87,0.5s,45%,4.4,00:01:12
2017-12-24,20,25,0,273,54,13,12578,12,150,9,0,54,58%,12.5,00:09:12,0,0,0,0%,0,0,0,0%,0,0,0,0%,271,109,0,0,2,2,0,0,271,0.53s,52%,10.9,00:08:23
2017-12-25,20,24,0,183,65,12,7316,5,15,3,0,8,60%,3,00:03:20,0,0,0,0%,0,0,0,0%,0,0,0,0%,181,89,0,0,2,2,0,0,173,0.93s,50%,7.6,00:05:05
2017-12-26,31,38,0,554,155,7,20382,17,163,14,0,31,29%,9.6,00:08:34,0,0,0,0%,0,0,0,0%,0,0,0,0%,550,185,3,1,1,1,0,0,550,1.62s,18%,14.6,00:08:56
2017-12-27,40,62,0,435,78,22,23289,34,244,23,0,78,41%,7.2,00:06:43,0,0,0,0%,0,0,0,0%,0,0,0,0%,423,235,7,7,5,4,0,0,423,0.49s,35%,7,00:06:16
2017-12-28,34,49,0,414,46,18,17412,26,231,16,0,46,42%,8.9,00:06:00,0,0,0,0%,0,0,0,0%,0,0,0,0%,410,218,2,2,2,2,0,0,409,1.1s,37%,8.4,00:05:55
2017-12-29,30,41,0,310,59,18,11038,22,155,13,0,33,45%,7,00:04:29,0,0,0,0%,0,0,0,0%,0,0,0,0%,307,154,2,2,1,1,0,0,248,0.39s,44%,7.6,00:04:29
2017-12-30,21,24,0,258,53,6,9741,7,63,6,0,25,29%,9,00:02:19,0,0,0,0%,0,0,0,0%,0,0,0,0%,254,132,3,3,1,1,0,0,253,0.46s,25%,10.8,00:06:46
2017-12-31,18,19,0,86,10,4,5754,10,41,10,0,10,40%,4.1,00:04:39,0,0,0,0%,0,0,0,0%,0,0,0,0%,85,67,0,0,1,1,0,0,85,0.83s,21%,4.5,00:05:03
2018-01-01,15,17,0,98,50,8,3983,8,25,7,0,8,63%,3.1,00:01:43,0,0,0,0%,0,0,0,0%,0,0,0,0%,96,48,0,0,2,2,0,0,95,0.56s,47%,5.8,00:03:54
2018-01-02,94,129,0,1404,433,47,51449,45,779,25,0,433,47%,17.3,00:07:48,0,0,0,0%,0,0,0,0%,0,0,0,0%,1384,529,14,13,6,5,0,0,1378,0.73s,36%,10.9,00:06:39
2018-01-03,130,192,0,1631,75,83,66203,90,696,50,0,75,50%,7.7,00:05:18,0,0,0,0%,0,0,0,0%,0,0,0,0%,1606,776,9,9,16,13,0,0,1569,0.28s,43%,8.5,00:05:45
2018-01-04,56,85,0,928,124,30,43955,40,561,20,0,124,38%,14,00:10:45,0,0,0,0%,0,0,0,0%,0,0,0,0%,918,398,5,5,5,5,0,0,915,0.73s,35%,10.9,00:08:37
2018-01-05,53,98,0,888,196,54,42505,62,497,23,0,196,63%,8,00:06:42,0,0,0,0%,0,0,0,0%,0,0,0,0%,884,334,3,3,1,1,0,0,884,0.36s,55%,9.1,00:07:14
2018-01-06,29,49,0,648,85,12,32113,29,428,12,0,69,21%,14.8,00:12:28,0,0,0,0%,0,0,0,0%,0,0,0,0%,645,248,1,1,2,2,0,0,644,0.34s,24%,13.2,00:10:55
2018-01-07,28,46,0,261,33,16,14642,29,174,14,0,33,38%,6,00:06:58,0,0,0,0%,0,0,0,0%,0,0,0,0%,258,151,0,0,3,3,0,0,258,0.34s,35%,5.7,00:05:18
2018-01-08,69,117,0,1275,110,51,56554,70,663,33,0,108,54%,9.5,00:06:57,0,0,0,0%,0,0,0,0%,0,0,0,0%,1266,553,5,5,4,4,0,0,1255,1.08s,44%,10.9,00:08:03
2018-01-09,72,126,0,2263,235,38,93596,77,1790,32,0,235,34%,23.2,00:16:53,0,0,0,0%,0,0,0,0%,0,0,0,0%,2252,775,5,5,6,6,0,0,2250,3.78s,30%,18,00:12:23
2018-01-10,94,145,0,1470,108,63,80276,73,985,35,0,108,41%,13.5,00:10:58,0,0,0,0%,0,0,0,0%,0,0,0,0%,1458,688,10,7,2,2,0,0,1458,4.16s,43%,10.1,00:09:14
2018-01-11,85,114,0,891,90,47,45460,60,374,38,0,41,48%,6.2,00:07:06,0,0,0,0%,0,0,0,0%,0,0,0,0%,862,439,24,23,5,5,0,0,861,0.44s,41%,7.8,00:06:39
2018-01-12,81,113,0,776,55,54,38161,59,449,39,0,55,51%,7.6,00:05:30,0,0,0,0%,0,0,0,0%,0,0,0,0%,762,402,12,12,2,2,0,0,753,0.56s,48%,6.9,00:05:38
2018-01-13,35,48,0,320,50,24,22271,23,98,13,0,34,57%,4.3,00:05:27,0,0,0,0%,0,0,0,0%,0,0,0,0%,316,171,1,1,3,3,0,0,316,0.92s,50%,6.7,00:07:44
2018-01-14,27,29,0,224,97,12,7174,10,53,10,0,20,50%,5.3,00:02:06,0,0,0,0%,0,0,0,0%,0,0,0,0%,214,97,7,6,3,3,0,0,214,0.29s,41%,7.7,00:04:07
2018-01-15,63,90,0,419,63,47,21564,43,155,22,0,24,58%,3.6,00:02:09,0,0,0,0%,0,0,0,0%,0,0,0,0%,406,234,7,7,6,6,0,0,406,0.4s,52%,4.7,00:04:00
2018-01-16,78,107,0,968,235,45,48952,56,677,34,0,235,45%,12.1,00:09:08,0,0,0,0%,0,0,0,0%,0,0,0,0%,961,426,4,4,3,3,0,0,959,0.8s,42%,9,00:07:37
2018-01-17,85,110,0,1022,113,41,81518,42,269,27,0,46,52%,6.4,00:08:35,0,0,0,0%,0,0,0,0%,0,0,0,0%,1017,460,2,2,3,3,0,0,1013,1.1s,37%,9.3,00:12:21
2018-01-18,63,91,0,813,143,36,39120,44,265,26,0,53,50%,6,00:05:53,0,0,0,0%,0,0,0,0%,0,0,0,0%,805,359,3,3,5,5,0,0,805,0.38s,40%,8.9,00:07:10
2018-01-19,76,103,0,1121,182,38,55018,43,473,30,0,182,49%,11,00:09:57,0,0,0,0%,0,0,0,0%,0,0,0,0%,1102,474,16,16,3,2,0,0,1102,0.37s,37%,10.9,00:08:54
2018-01-20,34,53,0,512,137,16,19894,30,306,15,0,137,37%,10.2,00:05:47,0,0,0,0%,0,0,0,0%,0,0,0,0%,501,233,11,10,0,0,0,0,499,0.27s,30%,9.7,00:06:15
2018-01-21,38,45,0,452,47,14,31794,11,153,10,0,47,27%,13.9,00:13:38,0,0,0,0%,0,0,0,0%,0,0,0,0%,451,214,1,1,0,0,0,0,443,0.62s,31%,10,00:11:47
2018-01-22,77,119,0,1243,200,55,53379,71,772,36,0,200,52%,10.9,00:07:34,0,0,0,0%,0,0,0,0%,0,0,0,0%,1232,529,8,8,3,3,0,0,1232,0.43s,46%,10.4,00:07:29
2018-01-23,81,104,0,1730,442,42,57458,48,1193,33,0,442,48%,24.9,00:12:03,0,0,0,0%,0,0,0,0%,0,0,0,0%,1716,577,10,9,4,4,0,0,1715,0.32s,40%,16.6,00:09:12
2018-01-24,73,103,0,1007,92,41,48954,55,569,32,0,92,42%,10.3,00:08:59,0,0,0,0%,0,0,0,0%,0,0,0,0%,998,462,2,2,7,6,0,0,974,1.21s,40%,9.8,00:07:55
2018-01-25,94,135,0,1236,88,55,71773,71,454,46,0,45,49%,6.4,00:04:14,0,0,0,0%,0,0,0,0%,0,0,0,0%,1232,580,2,2,2,2,0,0,1230,0.49s,41%,9.2,00:08:52
2018-01-26,75,112,0,703,85,48,31597,65,464,34,0,85,49%,7.1,00:04:37,0,0,0,0%,0,0,0,0%,0,0,0,0%,692,383,1,1,10,9,0,0,689,0.51s,43%,6.3,00:04:42
2018-01-27,30,43,0,585,81,19,23822,29,386,17,0,81,48%,13.3,00:08:59,0,0,0,0%,0,0,0,0%,0,0,0,0%,570,186,7,7,8,7,0,0,557,0.42s,44%,13.6,00:09:14
2018-01-28,27,32,0,175,34,17,9247,11,48,9,0,20,64%,4.4,00:06:44,0,0,0,0%,0,0,0,0%,0,0,0,0%,173,94,1,1,1,1,0,0,173,0.37s,53%,5.5,00:04:49
2018-01-29,82,100,0,855,59,38,42696,33,207,25,0,33,55%,6.3,00:06:57,0,0,0,0%,0,0,0,0%,0,0,0,0%,853,395,2,2,0,0,0,0,849,0.36s,38%,8.6,00:07:07
2018-01-30,91,135,0,1033,61,50,43447,77,612,44,0,61,44%,7.9,00:04:57,0,0,0,0%,0,0,0,0%,0,0,0,0%,1016,547,11,11,6,6,0,0,1004,0.28s,37%,7.7,00:05:22
2018-01-31,101,130,0,1386,255,58,79049,47,578,26,0,88,45%,12.3,00:12:03,0,0,0,0%,0,0,0,0%,0,0,0,0%,1363,545,13,11,10,10,0,0,1363,0.4s,45%,10.7,00:10:08
2018-02-01,109,155,0,1711,219,69,77474,76,1171,43,0,219,50%,15.4,00:11:35,0,0,0,0%,0,0,0,0%,0,0,0,0%,1670,661,33,32,8,8,0,0,1621,0.33s,45%,11,00:08:20
2018-02-02,117,165,0,1071,110,83,42995,76,654,41,0,110,53%,8.6,00:06:25,0,0,0,0%,0,0,0,0%,0,0,0,0%,1017,505,44,39,10,10,0,0,1000,0.42s,50%,6.5,00:04:21
2018-02-03,57,80,0,750,126,31,36841,26,346,10,0,126,27%,13.3,00:08:54,0,0,0,0%,0,0,0,0%,0,0,0,0%,726,312,21,20,3,3,0,0,723,0.36s,39%,9.4,00:07:41
2018-02-04,50,66,0,1510,738,33,36114,27,1373,18,0,738,44%,50.9,00:16:22,0,0,0,0%,0,0,0,0%,0,0,0,0%,1501,351,5,4,4,4,0,0,1500,1.04s,50%,22.9,00:09:07
2018-02-05,120,169,0,1338,144,71,70305,77,842,41,0,144,47%,10.9,00:06:54,0,0,0,0%,0,0,0,0%,0,0,0,0%,1311,600,19,19,8,8,0,0,1308,0.62s,42%,7.9,00:06:56
2018-02-06,87,125,0,1093,87,50,53279,67,524,41,0,87,48%,7.8,00:06:05,0,0,0,0%,0,0,0,0%,0,0,0,0%,1076,525,11,11,6,6,0,0,1074,0.56s,40%,8.7,00:07:06
2018-02-07,92,132,0,1052,68,51,49080,79,566,45,0,68,48%,7.2,00:04:59,0,0,0,0%,0,0,0,0%,0,0,0,0%,1033,525,9,8,10,10,0,0,1021,0.39s,39%,8,00:06:12
2018-02-08,109,172,0,1741,345,72,65081,111,1142,59,0,345,47%,10.3,00:05:45,0,0,0,0%,0,0,0,0%,0,0,0,0%,1729,766,7,7,5,5,0,0,1727,0.39s,42%,10.1,00:06:18
2018-02-09,77,117,0,852,70,49,40343,64,458,35,0,70,44%,7.2,00:05:07,0,0,0,0%,0,0,0,0%,0,0,0,0%,844,459,5,5,3,3,0,0,844,0.94s,42%,7.3,00:05:45
2018-02-10,48,67,0,958,344,23,35711,27,231,19,0,42,33%,8.6,00:07:01,0,0,0,0%,0,0,0,0%,0,0,0,0%,956,330,1,1,1,1,0,0,956,0.52s,34%,14.3,00:08:53
2018-02-11,41,71,0,883,192,28,40303,43,538,19,0,192,49%,12.5,00:08:23,0,0,0,0%,0,0,0,0%,0,0,0,0%,874,338,8,8,1,1,0,0,868,0.62s,39%,12.4,00:09:28
2018-02-12,77,114,0,823,69,54,29875,71,602,43,0,69,48%,8.5,00:05:14,0,0,0,0%,0,0,0,0%,0,0,0,0%,804,442,12,10,7,6,0,0,804,0.39s,47%,7.2,00:04:22
2018-02-13,98,132,0,1114,70,54,50503,58,527,35,0,68,38%,9.1,00:05:48,0,0,0,0%,0,0,0,0%,0,0,0,0%,1105,542,3,3,6,6,0,0,1102,0.47s,41%,8.4,00:06:23
2018-02-14,89,140,0,1259,295,60,48043,86,919,50,0,295,49%,10.7,00:06:09,0,0,0,0%,0,0,0,0%,0,0,0,0%,1245,541,8,8,6,6,0,0,1245,0.51s,43%,9,00:05:43
2018-02-15,72,99,0,1035,108,34,50316,58,502,36,0,106,38%,8.7,00:06:20,0,0,0,0%,0,0,0,0%,0,0,0,0%,1017,458,13,13,5,5,0,0,1017,0.5s,34%,10.5,00:08:28
2018-02-16,56,71,0,620,97,31,29125,28,241,21,0,55,57%,8.6,00:06:15,0,0,0,0%,0,0,0,0%,0,0,0,0%,606,272,10,7,4,3,0,0,605,3.81s,44%,8.7,00:06:50
2018-02-17,27,36,0,170,31,15,10263,13,106,7,0,31,38%,8.2,00:09:32,0,0,0,0%,0,0,0,0%,0,0,0,0%,168,114,0,0,2,2,0,0,168,0.38s,42%,4.7,00:04:45
2018-02-18,34,43,0,548,172,19,17472,22,412,16,0,172,36%,18.7,00:08:57,0,0,0,0%,0,0,0,0%,0,0,0,0%,542,222,4,4,2,2,0,0,542,0.31s,44%,12.7,00:06:46
2018-02-19,65,88,0,648,60,36,28514,49,271,30,0,33,51%,5.5,00:03:14,0,0,0,0%,0,0,0,0%,0,0,0,0%,639,342,8,8,1,1,0,0,639,0.67s,41%,7.4,00:05:24
2018-02-20,105,144,0,1242,62,46,65278,60,469,38,0,62,45%,7.8,00:05:54,0,0,0,0%,0,0,0,0%,0,0,0,0%,1208,641,23,20,11,10,0,0,1208,0.25s,32%,8.6,00:07:33
2018-02-21,91,120,0,970,49,45,49946,61,499,42,0,43,48%,8.2,00:05:43,0,0,0,0%,0,0,0,0%,0,0,0,0%,953,496,7,7,10,9,0,0,952,0.31s,38%,8.1,00:06:56
2018-02-22,84,119,0,752,66,49,48214,58,384,33,0,66,47%,6.6,00:06:51,0,0,0,0%,0,0,0,0%,0,0,0,0%,741,437,6,5,5,5,0,0,733,0.35s,41%,6.3,00:06:45
2018-02-23,83,114,0,1112,88,45,68036,58,668,35,0,88,40%,11.5,00:11:14,0,0,0,0%,0,0,0,0%,0,0,0,0%,1096,481,9,8,7,7,0,0,1095,0.24s,39%,9.8,00:09:57
2018-02-24,39,53,0,437,38,19,28277,27,248,18,0,38,26%,9.2,00:09:32,0,0,0,0%,0,0,0,0%,0,0,0,0%,431,230,4,4,2,2,0,0,431,0.5s,36%,8.2,00:08:54
2018-02-25,36,47,0,607,147,18,26280,21,361,14,0,147,38%,17.2,00:12:36,0,0,0,0%,0,0,0,0%,0,0,0,0%,593,278,11,8,3,3,0,0,592,0.26s,38%,12.9,00:09:19
2018-02-26,78,113,0,832,72,46,51785,71,502,45,0,72,45%,7.1,00:07:37,0,0,0,0%,0,0,0,0%,0,0,0,0%,816,446,13,11,3,3,0,0,815,0.38s,41%,7.4,00:07:38
2018-02-27,61,91,0,775,64,32,38805,50,453,25,0,47,40%,9.1,00:06:51,0,0,0,0%,0,0,0,0%,0,0,0,0%,764,374,4,4,7,7,0,0,757,0.39s,35%,8.5,00:07:06
2018-02-28,77,126,0,1337,123,50,55780,71,784,32,0,123,45%,11,00:07:55,0,0,0,0%,0,0,0,0%,0,0,0,0%,1315,569,15,15,7,7,0,0,1314,0.37s,40%,10.6,00:07:23
2018-03-01,81,120,0,1082,70,41,55345,62,500,35,0,47,42%,8.1,00:07:47,0,0,0,0%,0,0,0,0%,0,0,0,0%,1068,510,12,10,2,2,0,0,1067,0.33s,34%,9,00:07:41
2018-03-02,69,113,0,954,74,42,48538,73,646,40,0,71,42%,8.8,00:06:50,0,0,0,0%,0,0,0,0%,0,0,0,0%,920,521,33,32,1,1,0,0,902,0.41s,37%,8.4,00:07:10
2018-03-03,27,36,0,464,93,17,12205,20,186,14,0,61,55%,9.3,00:05:23,0,0,0,0%,0,0,0,0%,0,0,0,0%,464,168,0,0,0,0,0,0,464,0.39s,47%,12.9,00:05:39
2018-03-04,46,65,0,505,38,22,26885,32,191,22,0,21,44%,6,00:04:07,0,0,0,0%,0,0,0,0%,0,0,0,0%,485,289,15,12,5,5,0,0,485,0.66s,34%,7.8,00:06:54
2018-03-05,68,105,0,665,46,41,32934,65,371,37,0,27,38%,5.7,00:05:20,0,0,0,0%,0,0,0,0%,0,0,0,0%,654,390,5,5,6,5,0,0,631,0.34s,39%,6.3,00:05:14
2018-03-06,75,116,0,1276,577,47,47271,74,415,43,0,56,49%,5.6,00:05:36,0,0,0,0%,0,0,0,0%,0,0,0,0%,1270,530,6,6,0,0,0,0,1265,0.43s,41%,11,00:06:48
2018-03-07,77,120,0,1105,103,46,45726,64,590,32,0,103,42%,9.2,00:06:21,0,0,0,0%,0,0,0,0%,0,0,0,0%,1088,487,16,13,1,1,0,0,1086,0.43s,38%,9.2,00:06:21
2018-03-08,81,113,0,771,48,49,32003,55,354,38,0,46,45%,6.4,00:04:28,0,0,0,0%,0,0,0,0%,0,0,0,0%,758,401,12,12,1,1,0,0,757,0.4s,43%,6.8,00:04:43
2018-03-09,68,96,0,1794,279,29,60796,46,645,29,0,177,41%,14,00:06:37,0,0,0,0%,0,0,0,0%,0,0,0,0%,1780,580,8,8,6,3,0,0,1771,0.23s,30%,18.7,00:10:33
2018-03-10,33,51,0,1140,507,22,33528,30,954,18,0,507,57%,31.8,00:13:17,0,0,0,0%,0,0,0,0%,0,0,0,0%,1136,305,1,1,3,3,0,0,1136,0.54s,43%,22.4,00:10:57
2018-03-11,40,56,0,478,47,24,21078,30,212,18,0,35,50%,7.1,00:03:28,0,0,0,0%,0,0,0,0%,0,0,0,0%,474,236,2,2,2,2,0,0,473,0.23s,43%,8.5,00:06:16
2018-03-12,93,139,0,949,62,55,44062,72,314,42,0,31,50%,4.4,00:02:59,0,0,0,0%,0,0,0,0%,0,0,0,0%,934,540,12,11,3,3,0,0,934,0.51s,40%,6.8,00:05:17
2018-03-13,76,102,0,1110,188,37,50029,51,623,33,0,188,39%,12.2,00:06:13,0,0,0,0%,0,0,0,0%,0,0,0,0%,1101,457,7,7,2,2,0,0,1057,0.76s,36%,10.9,00:08:10
2018-03-14,103,152,0,1989,245,60,82304,84,655,49,0,71,49%,7.8,00:06:37,0,0,0,0%,0,0,0,0%,0,0,0,0%,1969,734,15,14,5,4,0,0,1922,0.53s,39%,13.1,00:09:01
2018-03-15,81,124,0,2268,407,51,76686,68,623,34,0,184,54%,9.2,00:05:13,0,0,0,0%,0,0,0,0%,0,0,0,0%,2241,661,15,15,12,11,0,0,2239,0.67s,41%,18.3,00:10:18
2018-03-16,78,114,0,1070,77,36,50694,59,641,34,0,77,32%,10.9,00:07:30,0,0,0,0%,0,0,0,0%,0,0,0,0%,1061,511,5,5,4,4,0,0,1060,0.39s,32%,9.4,00:07:25
2018-03-17,48,67,0,959,139,17,51778,32,347,18,0,56,44%,10.8,00:07:10,0,0,0,0%,0,0,0,0%,0,0,0,0%,950,369,5,4,4,4,0,0,950,0.61s,25%,14.3,00:12:53
2018-03-18,47,60,0,391,37,27,17541,28,126,22,0,21,50%,4.5,00:04:09,0,0,0,0%,0,0,0,0%,0,0,0,0%,388,224,2,2,1,1,0,0,388,0.55s,45%,6.5,00:04:52
2018-03-19,87,128,0,1256,104,47,67437,66,628,33,0,104,39%,9.5,00:07:54,0,0,0,0%,0,0,0,0%,0,0,0,0%,1242,581,7,7,7,5,0,0,1234,1.04s,37%,9.8,00:08:47
2018-03-20,87,142,0,1239,89,57,60017,85,798,39,0,89,47%,9.4,00:07:26,0,0,0,0%,0,0,0,0%,0,0,0,0%,1217,619,17,16,5,5,0,0,1216,0.95s,40%,8.7,00:07:03
2018-03-21,129,222,0,2504,156,88,125886,133,1471,60,0,156,46%,11.1,00:08:57,0,0,0,0%,0,0,0,0%,0,0,0,0%,2485,1023,10,9,9,8,0,0,2360,0.44s,40%,11.3,00:09:27
2018-03-22,119,195,0,1733,78,70,94248,119,994,61,0,78,39%,8.4,00:06:26,0,0,0,0%,0,0,0,0%,0,0,0,0%,1725,890,6,6,2,2,0,0,1721,0.81s,36%,8.9,00:08:03
2018-03-23,75,115,0,1242,110,40,56715,70,594,47,0,50,43%,8.5,00:06:34,0,0,0,0%,0,0,0,0%,0,0,0,0%,1235,583,0,0,7,6,0,0,1232,0.41s,35%,10.8,00:08:13
2018-03-24,47,63,0,594,75,24,25099,34,354,25,0,58,38%,10.4,00:07:12,0,0,0,0%,0,0,0,0%,0,0,0,0%,589,278,1,1,4,4,0,0,589,0.82s,38%,9.4,00:06:38
2018-03-25,33,52,0,481,102,24,17012,31,340,15,0,102,42%,11,00:06:35,0,0,0,0%,0,0,0,0%,0,0,0,0%,477,207,3,3,1,1,0,0,476,0.44s,46%,9.3,00:05:27
2018-03-26,83,117,0,754,79,45,43692,59,453,37,0,79,44%,7.7,00:07:51,0,0,0,0%,0,0,0,0%,0,0,0,0%,735,394,6,6,13,13,0,0,733,0.43s,38%,6.4,00:06:13
2018-03-27,106,175,0,1942,276,66,73487,105,652,54,0,80,48%,6.2,00:04:56,0,0,0,0%,0,0,0,0%,0,0,0,0%,1807,901,125,119,10,9,0,0,1807,0.34s,38%,11.1,00:07:00
2018-03-28,80,114,0,1266,96,33,57358,64,612,42,0,94,38%,9.6,00:08:24,0,0,0,0%,0,0,0,0%,0,0,0,0%,1247,585,15,14,4,4,0,0,1233,0.32s,29%,11.1,00:08:23
2018-03-29,81,113,0,1055,90,42,57489,66,620,41,0,90,41%,9.4,00:07:56,0,0,0,0%,0,0,0,0%,0,0,0,0%,1044,529,7,7,4,3,0,0,1003,0.61s,37%,9.3,00:08:29
2018-03-30,55,84,0,921,170,36,44294,44,478,28,0,141,41%,10.9,00:09:11,0,0,0,0%,0,0,0,0%,0,0,0,0%,902,341,13,11,6,6,0,0,900,0.33s,43%,11,00:08:47
2018-03-31,33,37,0,232,23,12,15341,10,85,10,0,19,30%,8.5,00:08:16,0,0,0,0%,0,0,0,0%,0,0,0,0%,231,153,0,0,1,1,0,0,227,0.56s,32%,6.3,00:06:55
2018-04-01,41,58,0,577,89,30,23398,26,410,15,0,89,42%,15.8,00:09:12,0,0,0,0%,0,0,0,0%,0,0,0,0%,576,215,0,0,1,1,0,0,546,0.41s,52%,9.9,00:06:43
2018-04-02,65,97,0,1519,452,37,55238,54,1237,27,0,452,44%,22.9,00:10:50,0,0,0,0%,0,0,0,0%,0,0,0,0%,1507,490,9,9,3,3,0,0,1501,0.57s,38%,15.7,00:09:29
2018-04-03,66,95,0,903,44,25,44557,46,411,26,0,44,28%,8.9,00:06:00,0,0,0,0%,0,0,0,0%,0,0,0,0%,892,475,8,8,3,3,0,0,889,0.4s,26%,9.5,00:07:49
2018-04-04,75,114,0,1029,174,46,46270,69,642,37,0,174,48%,9.3,00:05:41,0,0,0,0%,0,0,0,0%,0,0,0,0%,1017,513,8,8,4,4,0,0,1003,0.32s,40%,9,00:06:46
2018-04-05,75,113,0,1705,220,36,73309,64,1123,35,0,220,39%,17.5,00:13:10,0,0,0,0%,0,0,0,0%,0,0,0,0%,1690,615,12,10,3,3,0,0,1683,0.58s,32%,15.1,00:10:49
2018-04-06,69,140,0,1088,153,70,46141,86,568,32,0,56,60%,6.6,00:04:44,0,0,0,0%,0,0,0,0%,0,0,0,0%,1070,509,13,12,5,5,0,0,1070,1.48s,50%,7.8,00:05:30
2018-04-07,42,65,0,648,68,26,33741,37,398,20,0,68,49%,10.8,00:10:16,0,0,0,0%,0,0,0,0%,0,0,0,0%,643,274,5,3,0,0,0,0,643,0.49s,40%,10,00:08:39
2018-04-08,40,59,0,533,51,24,26212,39,425,24,0,51,38%,10.9,00:08:58,0,0,0,0%,0,0,0,0%,0,0,0,0%,528,278,1,1,4,2,0,0,524,0.43s,41%,9,00:07:24
2018-04-09,76,119,0,709,92,57,33481,72,508,39,0,92,47%,7.1,00:05:38,0,0,0,0%,0,0,0,0%,0,0,0,0%,704,408,4,4,1,1,0,0,701,1.34s,48%,6,00:04:41
2018-04-10,85,138,0,1459,125,62,65914,87,773,47,0,75,51%,8.9,00:06:41,0,0,0,0%,0,0,0,0%,0,0,0,0%,1443,629,11,10,5,5,0,0,1443,0.42s,45%,10.6,00:07:58
2018-04-11,94,141,0,1626,76,61,61712,96,1038,59,0,63,45%,10.8,00:07:18,0,0,0,0%,0,0,0,0%,0,0,0,0%,1603,677,20,17,3,3,0,0,1602,0.37s,43%,11.5,00:07:18
2018-04-12,75,121,0,878,51,53,45420,79,604,45,0,51,48%,7.6,00:06:31,0,0,0,0%,0,0,0,0%,0,0,0,0%,862,486,11,11,5,5,0,0,845,0.56s,44%,7.3,00:06:15
2018-04-13,90,161,0,1264,137,81,51219,108,733,49,0,67,59%,6.8,00:04:24,0,0,0,0%,0,0,0,0%,0,0,0,0%,1255,609,5,5,4,4,0,0,1254,0.71s,50%,7.9,00:05:18
2018-04-14,56,105,0,1064,258,49,43124,77,782,38,0,258,51%,10.2,00:05:21,0,0,0,0%,0,0,0,0%,0,0,0,0%,1060,472,3,3,1,1,0,0,1060,0.43s,47%,10.1,00:06:51
2018-04-15,88,165,0,1796,102,71,91158,111,965,50,0,102,56%,8.7,00:07:36,0,0,0,0%,0,0,0,0%,0,0,0,0%,1772,796,16,12,8,7,0,0,1770,0.64s,43%,10.9,00:09:12
2018-04-16,93,148,0,943,66,72,46678,90,409,50,0,60,58%,4.5,00:03:13,0,0,0,0%,0,0,0,0%,0,0,0,0%,936,556,6,6,1,1,0,0,935,0.62s,49%,6.4,00:05:15
2018-04-17,100,150,0,1107,77,76,55543,86,656,50,0,77,55%,7.6,00:06:16,0,0,0,0%,0,0,0,0%,0,0,0,0%,1094,510,8,7,5,5,0,0,1094,0.67s,51%,7.4,00:06:10
2018-04-18,101,171,0,1755,268,75,81853,100,818,44,0,268,55%,8.2,00:05:44,0,0,0,0%,0,0,0,0%,0,0,0,0%,1742,679,7,6,6,5,0,0,1280,0.37s,44%,10.3,00:07:59
2018-04-19,79,113,0,840,86,52,34236,55,346,35,0,86,55%,6.3,00:05:27,0,0,0,0%,0,0,0,0%,0,0,0,0%,830,381,5,5,5,5,0,0,790,0.44s,46%,7.4,00:05:03
2018-04-20,65,91,0,929,125,37,39472,52,349,33,0,39,48%,6.7,00:05:30,0,0,0,0%,0,0,0,0%,0,0,0,0%,921,416,5,5,3,3,0,0,920,0.43s,41%,10.2,00:07:14
2018-04-21,46,55,0,593,65,23,25412,20,214,13,0,45,45%,10.7,00:09:03,0,0,0,0%,0,0,0,0%,0,0,0,0%,591,261,1,1,1,1,0,0,589,0.58s,42%,10.8,00:07:42
2018-04-22,45,67,0,567,105,31,30730,34,127,20,0,17,53%,3.7,00:04:58,0,0,0,0%,0,0,0,0%,0,0,0,0%,557,249,5,5,5,5,0,0,557,0.4s,46%,8.5,00:07:39
2018-04-23,99,148,0,1221,84,57,91061,93,714,51,0,84,44%,7.7,00:07:49,0,0,0,0%,0,0,0,0%,0,0,0,0%,1172,632,43,41,6,6,0,0,1172,0.58s,39%,8.3,00:10:15
2018-04-24,106,162,0,1453,124,64,74144,87,680,45,0,124,49%,7.8,00:06:00,0,0,0,0%,0,0,0,0%,0,0,0,0%,1431,666,18,14,4,4,0,0,1412,0.73s,40%,9,00:07:38
2018-04-25,115,178,0,1727,337,75,78240,114,932,64,0,124,48%,8.2,00:06:49,0,0,0,0%,0,0,0,0%,0,0,0,0%,1715,692,6,6,6,6,0,0,1711,0.81s,42%,9.7,00:07:20
2018-04-26,88,120,0,996,65,51,52914,67,511,43,0,61,51%,7.6,00:06:13,0,0,0,0%,0,0,0,0%,0,0,0,0%,987,514,6,6,3,3,0,0,987,0.72s,43%,8.3,00:07:21
2018-04-27,79,121,0,1147,281,55,55697,82,801,47,0,281,52%,9.8,00:07:59,0,0,0,0%,0,0,0,0%,0,0,0,0%,1132,463,11,11,4,4,0,0,1131,0.79s,45%,9.5,00:07:40
2018-04-28,45,60,0,476,37,25,23920,33,263,22,0,36,52%,8,00:05:49,0,0,0,0%,0,0,0,0%,0,0,0,0%,466,247,2,2,8,5,0,0,465,0.51s,42%,7.9,00:06:39
2018-04-29,31,43,0,422,73,18,21137,29,185,18,0,29,52%,6.4,00:05:20,0,0,0,0%,0,0,0,0%,0,0,0,0%,418,190,4,3,0,0,0,0,417,0.44s,42%,9.8,00:08:12
2018-04-30,73,127,0,1384,485,55,43419,88,1150,41,0,485,49%,13.1,00:06:39,0,0,0,0%,0,0,0,0%,0,0,0,0%,1378,577,5,5,1,1,0,0,1378,3.3s,43%,10.9,00:05:42
2018-05-01,65,120,0,1387,396,55,48973,84,1104,40,0,396,49%,13.1,00:07:31,0,0,0,0%,0,0,0,0%,0,0,0,0%,1381,560,5,5,1,1,0,0,1381,0.41s,46%,11.6,00:06:48
2018-05-02,74,113,0,1404,229,47,58488,67,633,34,0,84,43%,9.4,00:07:04,0,0,0,0%,0,0,0,0%,0,0,0,0%,1398,515,5,5,1,1,0,0,1397,1.66s,42%,12.4,00:08:38
2018-05-03,95,131,0,945,85,59,53189,70,577,44,0,49,49%,8.2,00:06:59,0,0,0,0%,0,0,0,0%,0,0,0,0%,935,478,6,5,4,4,0,0,928,0.39s,45%,7.2,00:06:46
2018-05-04,92,140,0,1334,153,58,60212,88,918,51,0,153,49%,10.4,00:06:15,0,0,0,0%,0,0,0,0%,0,0,0,0%,1326,576,5,5,3,3,0,0,1318,0.53s,41%,9.5,00:07:10
2018-05-05,47,74,0,805,99,32,31181,46,534,24,0,99,48%,11.6,00:06:32,0,0,0,0%,0,0,0,0%,0,0,0,0%,802,366,2,2,1,1,0,0,800,0.43s,43%,10.9,00:07:01
2018-05-06,36,54,0,546,194,25,21917,33,407,18,0,194,55%,12.3,00:08:15,0,0,0,0%,0,0,0,0%,0,0,0,0%,535,201,0,0,11,9,0,0,534,0.93s,46%,10.1,00:06:46
2018-05-07,88,139,0,1195,93,58,56294,81,470,44,0,42,52%,5.8,00:05:40,0,0,0,0%,0,0,0,0%,0,0,0,0%,1186,559,5,5,4,4,0,0,1181,0.42s,42%,8.6,00:06:45
2018-05-08,110,163,0,1781,125,57,82906,98,1158,56,0,125,41%,11.8,00:07:28,0,0,0,0%,0,0,0,0%,0,0,0,0%,1767,728,10,7,4,4,0,0,1726,0.99s,35%,10.9,00:08:29
2018-05-09,86,126,0,840,73,57,53262,72,461,40,0,42,51%,6.4,00:07:30,0,0,0,0%,0,0,0,0%,0,0,0,0%,825,441,10,8,5,5,0,0,810,1.79s,45%,6.7,00:07:03
2018-05-10,96,138,0,1030,60,52,48717,84,645,48,0,41,43%,7.7,00:06:08,0,0,0,0%,0,0,0,0%,0,0,0,0%,1019,556,6,6,5,4,0,0,1016,0.55s,38%,7.5,00:05:53
2018-05-11,95,151,0,1141,89,63,63334,98,750,55,0,89,47%,7.7,00:05:53,0,0,0,0%,0,0,0,0%,0,0,0,0%,1135,594,5,5,1,1,0,0,1121,1.92s,42%,7.6,00:06:59
2018-05-12,48,79,0,453,41,41,23970,48,373,24,0,41,48%,7.8,00:06:51,0,0,0,0%,0,0,0,0%,0,0,0,0%,452,254,1,1,0,0,0,0,451,0.52s,52%,5.7,00:05:03
2018-05-13,48,68,0,862,211,31,36441,36,442,21,0,211,56%,12.3,00:06:41,0,0,0,0%,0,0,0,0%,0,0,0,0%,853,341,8,7,1,1,0,0,852,1.02s,46%,12.7,00:08:56
2018-05-14,94,154,0,941,77,78,45155,98,592,47,0,56,55%,6,00:03:56,0,0,0,0%,0,0,0,0%,0,0,0,0%,931,546,5,5,5,5,0,0,931,0.42s,51%,6.1,00:04:53
2018-05-15,97,123,0,1304,86,39,60145,60,814,43,0,77,27%,13.6,00:11:01,0,0,0,0%,0,0,0,0%,0,0,0,0%,1288,566,3,3,13,9,0,0,1286,0.37s,32%,10.6,00:08:09
2018-05-16,112,164,0,1864,188,59,112965,82,1489,46,0,188,37%,18.2,00:16:59,0,0,0,0%,0,0,0,0%,0,0,0,0%,1853,675,2,2,9,8,0,0,1850,0.4s,36%,11.4,00:11:29
2018-05-17,83,112,0,1333,223,46,41123,64,1050,42,0,223,41%,16.4,00:07:30,0,0,0,0%,0,0,0,0%,0,0,0,0%,1323,505,9,9,1,1,0,0,1323,0.52s,41%,11.9,00:06:07
2018-05-18,107,159,0,1611,139,70,51556,93,641,51,0,139,54%,6.9,00:04:05,0,0,0,0%,0,0,0,0%,0,0,0,0%,1607,657,2,2,2,2,0,0,1599,0.86s,44%,10.1,00:05:24
2018-05-19,43,74,0,636,85,23,34068,46,450,22,0,85,35%,9.8,00:07:14,0,0,0,0%,0,0,0,0%,0,0,0,0%,633,328,1,1,2,2,0,0,561,0.44s,31%,8.6,00:07:40
2018-05-20,49,70,0,490,49,28,22694,42,302,27,0,27,48%,7.2,00:06:11,0,0,0,0%,0,0,0,0%,0,0,0,0%,483,257,3,3,4,4,0,0,483,0.53s,40%,7,00:05:24
2018-05-21,86,149,0,1501,144,57,84569,90,1026,37,0,144,44%,11.4,00:10:15,0,0,0,0%,0,0,0,0%,0,0,0,0%,1497,636,3,3,1,1,0,0,1487,0.97s,38%,10.1,00:09:28
2018-05-22,114,190,0,2105,182,80,104558,117,1565,58,0,182,44%,13.4,00:11:20,0,0,0,0%,0,0,0,0%,0,0,0,0%,2086,755,10,10,9,9,0,0,2078,0.56s,42%,11.1,00:09:10
2018-05-23,124,166,0,1693,143,67,67947,86,888,54,0,79,40%,10.3,00:06:31,0,0,0,0%,0,0,0,0%,0,0,0,0%,1679,736,13,12,1,1,0,0,1678,0.49s,40%,10.2,00:06:49
2018-05-24,98,144,0,1194,48,64,62153,88,601,56,0,45,52%,6.8,00:04:46,0,0,0,0%,0,0,0,0%,0,0,0,0%,1183,606,8,8,3,3,0,0,1180,0.62s,44%,8.3,00:07:12
2018-05-25,49,99,0,689,89,60,19997,57,336,23,0,89,70%,5.9,00:02:38,0,0,0,0%,0,0,0,0%,0,0,0,0%,687,352,1,1,1,1,0,0,681,0.54s,61%,7,00:03:22
2018-05-26,34,45,0,311,45,20,11381,23,130,15,0,24,43%,5.7,00:04:08,0,0,0,0%,0,0,0,0%,0,0,0,0%,311,175,0,0,0,0,0,0,311,0.38s,44%,6.9,00:04:13
2018-05-27,44,71,0,549,70,28,24795,44,300,25,0,70,41%,6.8,00:04:21,0,0,0,0%,0,0,0,0%,0,0,0,0%,543,290,4,4,2,2,0,0,543,0.49s,39%,7.7,00:05:49
2018-05-28,75,96,0,731,76,42,41014,37,374,31,0,76,43%,10.1,00:09:27,0,0,0,0%,0,0,0,0%,0,0,0,0%,727,354,2,2,2,2,0,0,724,0.63s,44%,7.6,00:07:07
2018-05-29,81,117,0,956,55,39,47604,66,614,44,0,55,33%,9.3,00:07:53,0,0,0,0%,0,0,0,0%,0,0,0,0%,947,508,4,4,5,5,0,0,947,0.32s,33%,8.2,00:06:47
2018-05-30,72,115,0,1237,116,55,50743,67,755,34,0,116,51%,11.3,00:06:29,0,0,0,0%,0,0,0,0%,0,0,0,0%,1223,492,9,9,5,5,0,0,1223,0.38s,48%,10.8,00:07:21
2018-05-31,104,153,0,2223,569,56,83285,83,724,48,0,72,40%,8.7,00:06:38,0,0,0,0%,0,0,0,0%,0,0,0,0%,2206,752,11,10,6,5,0,0,2204,0.95s,37%,14.5,00:09:04
2018-06-01,51,70,0,459,40,35,24187,38,182,23,0,31,58%,4.8,00:03:36,0,0,0,0%,0,0,0,0%,0,0,0,0%,455,266,3,3,1,1,0,0,455,0.36s,50%,6.6,00:05:46
2018-06-02,30,33,0,256,35,14,8757,15,150,13,0,35,40%,10,00:03:55,0,0,0,0%,0,0,0,0%,0,0,0,0%,256,155,0,0,0,0,0,0,255,0.29s,42%,7.8,00:04:25
2018-06-03,37,58,0,553,183,22,18503,34,395,15,0,183,47%,11.6,00:03:50,0,0,0,0%,0,0,0,0%,0,0,0,0%,550,240,2,2,1,1,0,0,550,0.38s,38%,9.5,00:05:19
2018-06-04,82,113,0,971,232,38,49808,52,297,36,0,42,35%,5.7,00:05:12,0,0,0,0%,0,0,0,0%,0,0,0,0%,965,479,2,2,4,4,0,0,964,0.32s,34%,8.6,00:07:21
2018-06-05,88,125,0,1168,97,58,42979,64,673,39,0,97,52%,10.5,00:05:31,0,0,0,0%,0,0,0,0%,0,0,0,0%,1159,501,3,3,6,5,0,0,1158,0.3s,46%,9.3,00:05:44
2018-06-06,77,105,0,852,71,45,43892,52,431,33,0,54,46%,8.3,00:07:12,0,0,0,0%,0,0,0,0%,0,0,0,0%,835,420,12,12,5,5,0,0,834,0.34s,43%,8.1,00:06:58
2018-06-07,80,105,0,836,59,38,38210,56,462,40,0,48,36%,8.3,00:05:43,0,0,0,0%,0,0,0,0%,0,0,0,0%,828,454,5,5,3,3,0,0,826,1.17s,36%,8,00:06:04
2018-06-08,72,101,0,888,102,44,47242,56,656,37,0,102,43%,11.7,00:11:03,0,0,0,0%,0,0,0,0%,0,0,0,0%,882,405,4,4,2,2,0,0,881,0.44s,44%,8.8,00:07:48
2018-06-09,38,51,0,545,139,23,25442,27,314,16,0,139,59%,11.6,00:07:41,0,0,0,0%,0,0,0,0%,0,0,0,0%,540,205,3,3,2,2,0,0,540,0.35s,45%,10.7,00:08:19
2018-06-10,35,49,0,231,27,23,13162,27,138,16,0,27,52%,5.1,00:04:10,0,0,0,0%,0,0,0,0%,0,0,0,0%,227,157,0,0,4,4,0,0,227,0.71s,47%,4.7,00:04:29
2018-06-11,61,92,0,718,67,39,37451,57,420,36,0,61,44%,7.4,00:04:59,0,0,0,0%,0,0,0,0%,0,0,0,0%,715,367,3,3,0,0,0,0,713,0.39s,42%,7.8,00:06:47
2018-06-12,75,121,0,1434,239,50,53800,69,939,36,0,239,54%,13.6,00:06:38,0,0,0,0%,0,0,0,0%,0,0,0,0%,1424,544,5,5,5,5,0,0,1419,0.32s,41%,11.9,00:07:25
2018-06-13,68,118,0,977,127,54,34639,73,532,35,0,79,55%,7.3,00:04:11,0,0,0,0%,0,0,0,0%,0,0,0,0%,973,456,2,2,2,2,0,0,965,0.29s,46%,8.3,00:04:54
2018-06-14,82,112,0,968,145,36,47058,59,456,35,0,49,37%,7.7,00:06:52,0,0,0,0%,0,0,0,0%,0,0,0,0%,961,495,1,1,6,6,0,0,960,0.59s,32%,8.6,00:07:00
2018-06-15,52,68,0,580,309,36,20603,33,165,20,0,28,52%,5,00:03:24,0,0,0,0%,0,0,0,0%,0,0,0,0%,579,229,1,1,0,0,0,0,578,0.2s,53%,8.5,00:05:03
2018-06-16,26,29,0,278,47,13,13922,16,166,13,0,47,50%,10.4,00:11:28,0,0,0,0%,0,0,0,0%,0,0,0,0%,277,148,0,0,1,1,0,0,275,0.27s,45%,9.6,00:08:00
2018-06-17,24,34,0,227,30,15,15838,13,42,6,0,9,62%,3.2,00:00:29,0,0,0,0%,0,0,0,0%,0,0,0,0%,221,131,3,2,3,3,0,0,221,0.65s,44%,6.7,00:07:46
2018-06-18,55,75,0,889,143,25,34598,38,367,25,0,61,32%,9.7,00:07:25,0,0,0,0%,0,0,0,0%,0,0,0,0%,878,393,5,5,6,4,0,0,877,0.27s,33%,11.9,00:07:41
2018-06-19,92,127,0,1156,263,53,32687,55,275,32,0,29,55%,5,00:01:16,0,0,0,0%,0,0,0,0%,0,0,0,0%,1147,521,1,1,8,8,0,0,1147,0.52s,42%,9.1,00:04:17
2018-06-20,91,141,0,2131,358,55,68966,83,1554,49,0,358,39%,18.7,00:09:50,0,0,0,0%,0,0,0,0%,0,0,0,0%,2122,742,9,9,0,0,0,0,2122,0.76s,39%,15.1,00:08:09
2018-06-21,84,108,0,1069,135,41,49652,51,560,37,0,135,41%,11,00:09:37,0,0,0,0%,0,0,0,0%,0,0,0,0%,1060,436,2,2,7,6,0,0,1058,0.71s,38%,9.9,00:07:40
2018-06-22,68,96,0,767,75,34,32529,54,490,35,0,75,31%,9.1,00:06:49,0,0,0,0%,0,0,0,0%,0,0,0,0%,757,399,9,9,1,1,0,0,757,0.37s,35%,8,00:05:39
2018-06-23,48,72,0,1013,259,24,37150,35,686,19,0,259,34%,19.6,00:10:43,0,0,0,0%,0,0,0,0%,0,0,0,0%,986,411,24,22,3,3,0,0,986,0.35s,33%,14.1,00:08:36
2018-06-24,38,46,0,185,40,27,7935,13,31,9,0,13,77%,2.4,00:02:09,0,0,0,0%,0,0,0,0%,0,0,0,0%,183,105,2,2,0,0,0,0,182,0.28s,59%,4,00:02:53
2018-06-25,72,101,0,748,74,49,33363,48,322,31,0,74,56%,6.7,00:04:50,0,0,0,0%,0,0,0,0%,0,0,0,0%,737,353,6,6,5,5,0,0,728,0.45s,49%,7.4,00:05:30
2018-06-26,109,151,0,1493,155,64,56319,72,820,45,0,155,51%,11.4,00:07:01,0,0,0,0%,0,0,0,0%,0,0,0,0%,1481,633,7,7,5,5,0,0,1481,0.36s,42%,9.9,00:06:13
2018-06-27,99,146,0,1632,106,55,79696,75,684,44,0,67,47%,9.1,00:08:55,0,0,0,0%,0,0,0,0%,0,0,0,0%,1615,636,10,10,7,6,0,0,1613,0.56s,38%,11.2,00:09:06
2018-06-28,122,172,0,1951,133,71,97004,98,1062,61,0,79,44%,10.8,00:09:42,0,0,0,0%,0,0,0,0%,0,0,0,0%,1937,807,8,8,6,5,0,0,1915,0.58s,41%,11.3,00:09:24
2018-06-29,68,99,0,635,60,50,26563,56,426,34,0,60,55%,7.6,00:04:17,0,0,0,0%,0,0,0,0%,0,0,0,0%,631,300,3,2,1,1,0,0,631,0.36s,51%,6.4,00:04:28
2018-06-30,43,72,0,747,239,41,24043,45,260,20,0,52,67%,5.8,00:02:57,0,0,0,0%,0,0,0,0%,0,0,0,0%,747,275,0,0,0,0,0,0,735,0.22s,57%,10.4,00:05:34
2018-07-01,59,68,0,252,18,30,11923,17,59,13,0,10,47%,3.5,00:01:46,0,0,0,0%,0,0,0,0%,0,0,0,0%,251,194,1,1,0,0,0,0,251,0.29s,44%,3.7,00:02:55
2018-07-02,91,118,0,908,91,50,43418,49,455,37,0,91,43%,9.3,00:06:09,0,0,0,0%,0,0,0,0%,0,0,0,0%,897,442,4,4,7,7,0,0,892,0.44s,42%,7.7,00:06:08
2018-07-03,89,132,0,1492,142,53,69132,68,662,36,0,100,43%,9.7,00:07:54,0,0,0,0%,0,0,0,0%,0,0,0,0%,1463,573,23,23,6,6,0,0,1461,0.34s,40%,11.3,00:08:44
2018-07-04,92,144,0,1587,220,61,78327,87,986,46,0,220,45%,11.3,00:09:00,0,0,0,0%,0,0,0,0%,0,0,0,0%,1573,619,13,12,1,1,0,0,1572,0.41s,42%,11,00:09:04
2018-07-05,88,145,0,1362,252,72,46624,89,966,44,0,252,49%,10.9,00:05:10,0,0,0,0%,0,0,0,0%,0,0,0,0%,1342,564,18,16,2,2,0,0,1342,0.51s,50%,9.4,00:05:22
2018-07-06,73,123,0,886,122,61,42239,76,595,32,0,122,54%,7.8,00:05:40,0,0,0,0%,0,0,0,0%,0,0,0,0%,876,478,8,8,2,2,0,0,876,0.46s,50%,7.2,00:05:43
2018-07-07,33,55,0,596,291,28,25665,39,507,19,0,291,51%,13,00:09:04,0,0,0,0%,0,0,0,0%,0,0,0,0%,585,247,4,4,7,6,0,0,584,1.91s,51%,10.8,00:07:47
2018-07-08,39,53,0,312,48,25,12182,29,141,17,0,48,55%,4.9,00:03:14,0,0,0,0%,0,0,0,0%,0,0,0,0%,309,177,2,2,1,1,0,0,309,0.43s,47%,5.9,00:03:50
2018-07-09,73,103,0,759,115,50,41349,56,505,34,0,115,54%,9,00:08:00,0,0,0,0%,0,0,0,0%,0,0,0,0%,755,386,3,3,1,1,0,0,755,1.39s,49%,7.4,00:06:41
2018-07-10,101,172,0,1284,108,85,68843,115,802,55,0,108,55%,7,00:05:16,0,0,0,0%,0,0,0,0%,0,0,0,0%,1271,613,6,5,7,7,0,0,1257,0.33s,49%,7.5,00:06:40
2018-07-11,139,198,0,1610,113,77,91268,97,865,61,0,113,43%,8.9,00:08:47,0,0,0,0%,0,0,0,0%,0,0,0,0%,1600,783,6,6,4,4,0,0,1593,0.91s,39%,8.1,00:07:41
2018-07-12,89,141,0,1321,98,60,73641,88,863,48,0,98,55%,9.8,00:08:01,0,0,0,0%,0,0,0,0%,0,0,0,0%,1310,592,5,5,6,6,0,0,1307,0.39s,43%,9.4,00:08:42
2018-07-13,91,147,0,1838,512,70,72820,99,1471,47,0,512,54%,14.9,00:09:59,0,0,0,0%,0,0,0,0%,0,0,0,0%,1834,672,3,3,1,1,0,0,1777,0.67s,48%,12.5,00:08:15
2018-07-14,37,45,0,777,476,22,25262,16,631,9,0,476,63%,39.4,00:18:15,0,0,0,0%,0,0,0,0%,0,0,0,0%,771,227,3,3,3,3,0,0,771,1.4s,49%,17.3,00:09:21
2018-07-15,33,44,0,323,49,18,17780,23,178,15,0,46,48%,7.7,00:06:10,0,0,0,0%,0,0,0,0%,0,0,0,0%,318,155,4,4,1,1,0,0,300,0.99s,41%,7.3,00:06:44
2018-07-16,118,188,0,1370,100,89,74010,111,631,58,0,50,55%,5.7,00:06:26,0,0,0,0%,0,0,0,0%,0,0,0,0%,1360,691,5,4,5,5,0,0,1358,0.27s,47%,7.3,00:06:34
2018-07-17,102,163,0,1372,72,70,70698,94,743,51,0,51,43%,7.9,00:07:09,0,0,0,0%,0,0,0,0%,0,0,0,0%,1355,686,15,14,2,2,0,0,1350,0.5s,43%,8.4,00:07:14
2018-07-18,95,154,0,966,54,73,45669,95,502,54,0,54,58%,5.3,00:04:37,0,0,0,0%,0,0,0,0%,0,0,0,0%,959,535,3,3,4,3,0,0,957,0.35s,47%,6.3,00:04:57
2018-07-19,109,179,0,1313,65,73,96041,116,867,60,0,65,46%,7.5,00:08:19,0,0,0,0%,0,0,0,0%,0,0,0,0%,1304,700,3,3,6,5,0,0,1302,0.57s,41%,7.3,00:08:57
2018-07-20,79,123,0,1008,114,52,46514,75,678,38,0,114,52%,9,00:05:54,0,0,0,0%,0,0,0,0%,0,0,0,0%,998,485,7,6,3,3,0,0,996,0.27s,42%,8.2,00:06:18
2018-07-21,28,42,0,358,91,20,15513,25,152,15,0,40,52%,6.1,00:04:09,0,0,0,0%,0,0,0,0%,0,0,0,0%,351,172,7,7,0,0,0,0,347,0.41s,48%,8.5,00:06:09
2018-07-22,38,56,0,655,157,20,31808,26,431,15,0,157,42%,16.6,00:12:31,0,0,0,0%,0,0,0,0%,0,0,0,0%,650,248,2,2,3,3,0,0,643,0.39s,36%,11.7,00:09:28
2018-07-23,4,6,0,116,63,2,1629,4,108,3,0,63,25%,27,00:06:00,0,0,0,0%,0,0,0,0%,0,0,0,0%,116,37,0,0,0,0,0,0,115,0.21s,33%,19.3,00:04:32
2018-07-25,8,12,0,78,19,4,6715,5,42,3,0,18,20%,8.4,00:17:31,0,0,0,0%,0,0,0,0%,0,0,0,0%,75,56,2,2,1,1,0,0,59,0.11s,33%,6.5,00:09:20
2018-07-26,87,132,0,1500,189,57,69485,70,864,41,0,189,47%,12.3,00:10:02,0,0,0,0%,0,0,0,0%,0,0,0,0%,1486,589,4,4,10,9,0,0,1485,0.77s,43%,11.4,00:08:46
2018-07-27,121,192,0,2155,141,74,135112,103,770,53,0,78,49%,7.5,00:05:35,0,0,0,0%,0,0,0,0%,0,0,0,0%,2133,897,11,11,11,10,0,0,2124,0.49s,39%,11.2,00:11:44
2018-07-28,61,101,0,1035,78,44,44324,61,461,32,0,40,48%,7.6,00:04:55,0,0,0,0%,0,0,0,0%,0,0,0,0%,1031,485,3,3,1,1,0,0,1031,0.37s,44%,10.2,00:07:19
2018-07-29,43,60,0,440,75,27,20393,34,303,19,0,75,41%,8.9,00:05:54,0,0,0,0%,0,0,0,0%,0,0,0,0%,435,241,5,5,0,0,0,0,432,0.31s,45%,7.3,00:05:40
2018-07-30,98,159,0,1380,134,70,70376,96,622,48,0,104,52%,6.5,00:06:37,0,0,0,0%,0,0,0,0%,0,0,0,0%,1359,648,14,13,7,7,0,0,1357,0.45s,44%,8.7,00:07:23
2018-07-31,102,162,0,927,78,72,52819,92,636,39,0,78,47%,6.9,00:06:17,0,0,0,0%,0,0,0,0%,0,0,0,0%,906,566,14,14,7,6,0,0,902,3.07s,44%,5.7,00:05:26
2018-08-01,121,217,0,2656,143,79,142352,122,1557,58,0,143,40%,12.8,00:11:32,0,0,0,0%,0,0,0,0%,0,0,0,0%,2624,1111,9,8,23,23,0,0,2604,0.33s,36%,12.2,00:10:56
2018-08-02,98,161,0,1123,170,77,54606,98,818,43,0,170,49%,8.3,00:06:23,0,0,0,0%,0,0,0,0%,0,0,0,0%,1111,604,11,11,1,1,0,0,1107,0.31s,48%,7,00:05:39
2018-08-03,115,175,0,2471,218,58,103664,90,1564,46,0,218,34%,17.4,00:11:09,0,0,0,0%,0,0,0,0%,0,0,0,0%,2462,989,6,6,3,3,0,0,2460,0.73s,33%,14.1,00:09:52
2018-08-04,44,66,0,1012,312,35,24464,36,819,24,0,312,44%,22.8,00:07:39,0,0,0,0%,0,0,0,0%,0,0,0,0%,1008,324,1,1,3,3,0,0,986,2.74s,53%,15.3,00:06:11
2018-08-05,43,56,0,441,81,30,24042,22,131,15,0,45,64%,6,00:06:08,0,0,0,0%,0,0,0,0%,0,0,0,0%,439,200,0,0,2,2,0,0,437,0.3s,54%,7.9,00:07:09
2018-08-06,114,174,0,1489,112,85,64728,93,1012,46,0,112,52%,10.9,00:08:01,0,0,0,0%,0,0,0,0%,0,0,0,0%,1469,691,15,14,5,5,0,0,1469,0.54s,49%,8.6,00:06:12
2018-08-07,126,193,0,1945,115,89,79435,103,1067,53,0,115,51%,10.4,00:06:44,0,0,0,0%,0,0,0,0%,0,0,0,0%,1928,828,13,12,4,4,0,0,1918,0.62s,46%,10.1,00:06:52
2018-08-08,107,174,0,1698,196,81,65728,102,1111,51,0,196,42%,10.9,00:07:41,0,0,0,0%,0,0,0,0%,0,0,0,0%,1683,726,11,8,4,4,0,0,1682,0.32s,47%,9.8,00:06:18
2018-08-09,117,163,0,1375,72,74,56544,78,612,42,0,55,53%,7.8,00:05:53,0,0,0,0%,0,0,0,0%,0,0,0,0%,1366,687,4,4,5,5,0,0,1362,0.41s,45%,8.4,00:05:47
2018-08-10,109,165,0,1489,85,80,64769,85,690,46,0,71,49%,8.1,00:04:58,0,0,0,0%,0,0,0,0%,0,0,0,0%,1477,695,8,7,4,4,0,0,1476,0.33s,48%,9,00:06:33
2018-08-11,71,93,0,465,75,53,20827,37,218,21,0,52,57%,5.9,00:03:57,0,0,0,0%,0,0,0,0%,0,0,0,0%,459,256,4,4,2,2,0,0,459,1.1s,57%,5,00:03:44
2018-08-12,58,62,0,314,35,33,13723,16,90,13,0,35,56%,5.6,00:06:16,0,0,0,0%,0,0,0,0%,0,0,0,0%,311,182,2,2,1,1,0,0,310,0.36s,53%,5.1,00:03:41
2018-08-13,96,127,0,1046,63,52,46675,64,487,42,0,63,44%,7.6,00:05:16,0,0,0,0%,0,0,0,0%,0,0,0,0%,1035,546,8,8,3,3,0,0,1035,0.36s,41%,8.2,00:06:08
2018-08-14,104,145,0,927,70,60,48769,78,436,47,0,38,42%,5.6,00:03:43,0,0,0,0%,0,0,0,0%,0,0,0,0%,914,532,9,8,4,3,0,0,909,0.42s,41%,6.4,00:05:36
2018-08-15,96,132,0,837,85,58,37904,62,459,32,0,85,53%,7.4,00:05:11,0,0,0,0%,0,0,0,0%,0,0,0,0%,824,461,7,6,6,5,0,0,817,0.53s,44%,6.3,00:04:47
2018-08-16,133,187,0,1664,160,77,86536,88,942,50,0,160,43%,10.7,00:08:00,0,0,0,0%,0,0,0,0%,0,0,0,0%,1650,737,11,10,3,3,0,0,1638,0.35s,41%,8.9,00:07:43
2018-08-17,99,149,0,1598,251,63,83549,85,939,50,0,251,38%,11,00:08:33,0,0,0,0%,0,0,0,0%,0,0,0,0%,1589,645,7,7,2,2,0,0,1579,0.47s,42%,10.7,00:09:21
2018-08-18,52,77,0,764,125,37,29863,44,370,25,0,125,52%,8.4,00:04:16,0,0,0,0%,0,0,0,0%,0,0,0,0%,755,284,7,7,2,1,0,0,755,0.33s,48%,9.9,00:06:28
2018-08-19,43,57,0,557,82,20,21771,32,360,21,0,82,38%,11.3,00:06:27,0,0,0,0%,0,0,0,0%,0,0,0,0%,556,248,1,1,0,0,0,0,544,0.52s,35%,9.8,00:06:22
2018-08-20,88,135,0,1391,202,53,64489,89,767,50,0,99,47%,8.6,00:05:43,0,0,0,0%,0,0,0,0%,0,0,0,0%,1367,588,14,14,10,10,0,0,1310,0.82s,39%,10.3,00:07:58
2018-08-21,74,105,0,895,201,41,37083,60,626,36,0,201,43%,10.4,00:07:00,0,0,0,0%,0,0,0,0%,0,0,0,0%,857,432,34,32,4,4,0,0,856,0.32s,39%,8.5,00:05:53
2018-08-22,69,106,0,1157,183,42,50154,57,537,28,0,106,39%,9.4,00:08:59,0,0,0,0%,0,0,0,0%,0,0,0,0%,1146,463,6,6,5,4,0,0,1091,0.21s,40%,10.9,00:07:53
2018-08-23,76,123,0,1210,108,48,36685,72,623,37,0,101,36%,8.7,00:03:39,0,0,0,0%,0,0,0,0%,0,0,0,0%,1206,569,1,1,3,3,0,0,1178,0.48s,39%,9.8,00:04:58
2018-08-24,25,30,0,322,90,6,11701,15,228,11,0,90,27%,15.2,00:06:18,0,0,0,0%,0,0,0,0%,0,0,0,0%,318,144,4,4,0,0,0,0,318,0.28s,20%,10.7,00:06:30
2018-08-25,45,66,0,560,50,26,24666,38,308,22,0,50,50%,8.1,00:06:00,0,0,0,0%,0,0,0,0%,0,0,0,0%,550,294,1,1,9,7,0,0,549,0.27s,39%,8.5,00:06:14
2018-08-26,28,39,0,247,31,18,10262,18,103,10,0,26,56%,5.7,00:04:23,0,0,0,0%,0,0,0,0%,0,0,0,0%,244,145,1,1,2,2,0,0,242,0.21s,46%,6.3,00:04:23
2018-08-27,93,127,0,922,85,57,46569,62,540,34,0,60,42%,8.7,00:06:42,0,0,0,0%,0,0,0,0%,0,0,0,0%,901,466,11,10,10,9,0,0,889,0.26s,45%,7.3,00:06:07
2018-08-28,91,148,0,1144,65,70,59666,85,676,43,0,65,49%,8,00:06:09,0,0,0,0%,0,0,0,0%,0,0,0,0%,1133,561,9,9,2,2,0,0,1132,0.28s,47%,7.7,00:06:43
2018-08-29,71,100,0,864,93,35,44578,52,431,32,0,56,27%,8.3,00:07:09,0,0,0,0%,0,0,0,0%,0,0,0,0%,858,414,0,0,6,5,0,0,847,1.93s,35%,8.6,00:07:26
2018-08-30,93,142,0,1051,80,58,49694,83,564,47,0,44,41%,6.8,00:05:29,0,0,0,0%,0,0,0,0%,0,0,0,0%,1045,585,3,3,3,3,0,0,1044,0.39s,41%,7.4,00:05:50
2018-08-31,102,164,0,1554,194,65,77798,95,849,48,0,47,43%,8.9,00:07:44,0,0,0,0%,0,0,0,0%,0,0,0,0%,1535,695,8,8,11,10,0,0,1524,0.43s,40%,9.5,00:07:54
2018-09-01,84,103,0,737,78,42,50916,22,164,13,0,30,45%,7.5,00:05:51,0,0,0,0%,0,0,0,0%,0,0,0,0%,734,338,0,0,3,3,0,0,733,0.72s,41%,7.2,00:08:14
2018-09-02,46,70,0,469,82,38,21910,36,363,20,0,82,42%,10.1,00:07:13,0,0,0,0%,0,0,0,0%,0,0,0,0%,464,218,0,0,5,5,0,0,464,2.38s,54%,6.7,00:05:13
2018-09-03,82,122,0,931,86,62,48867,60,485,30,0,73,53%,8.1,00:06:26,0,0,0,0%,0,0,0,0%,0,0,0,0%,927,434,2,2,2,2,0,0,924,1.21s,51%,7.6,00:06:41
2018-09-04,120,157,0,1088,69,71,44628,78,570,52,0,69,44%,7.3,00:05:08,0,0,0,0%,0,0,0,0%,0,0,0,0%,1075,587,9,7,4,3,0,0,1067,0.46s,45%,6.9,00:04:44
2018-09-05,135,190,0,1639,163,78,76090,98,1265,63,0,163,40%,12.9,00:09:00,0,0,0,0%,0,0,0,0%,0,0,0,0%,1631,729,5,5,3,3,0,0,1620,0.39s,41%,8.6,00:06:40
2018-09-06,129,193,0,1526,76,87,82551,106,926,61,0,65,40%,8.7,00:07:48,0,0,0,0%,0,0,0,0%,0,0,0,0%,1518,738,2,2,6,6,0,0,1508,0.27s,45%,7.9,00:07:08
2018-09-07,95,139,0,1047,76,62,46579,77,610,46,0,76,44%,7.9,00:05:39,0,0,0,0%,0,0,0,0%,0,0,0,0%,1041,533,2,2,4,4,0,0,1039,0.33s,45%,7.5,00:05:35
2018-09-08,63,100,0,596,76,45,26038,64,402,33,0,76,47%,6.3,00:04:02,0,0,0,0%,0,0,0,0%,0,0,0,0%,592,319,1,1,3,2,0,0,591,0.3s,45%,6,00:04:20
2018-09-09,36,60,0,827,289,29,27658,35,322,17,0,63,57%,9.2,00:04:48,0,0,0,0%,0,0,0,0%,0,0,0,0%,826,249,1,1,0,0,0,0,823,0.3s,48%,13.8,00:07:41
2018-09-10,100,173,0,1724,341,83,71024,106,1125,45,0,341,51%,10.6,00:07:19,0,0,0,0%,0,0,0,0%,0,0,0,0%,1708,693,10,9,6,4,0,0,1705,0.78s,48%,10,00:06:51
2018-09-11,96,138,0,1163,94,62,50977,70,543,43,0,50,40%,7.8,00:05:27,0,0,0,0%,0,0,0,0%,0,0,0,0%,1154,595,7,6,2,2,0,0,1153,0.33s,45%,8.4,00:06:09
2018-09-12,133,201,0,2375,288,71,119986,107,1248,60,0,288,44%,11.7,00:10:00,0,0,0,0%,0,0,0,0%,0,0,0,0%,2326,947,9,8,40,19,0,0,2320,0.35s,35%,11.8,00:09:57
2018-09-13,103,140,0,1254,109,54,54475,79,631,50,0,109,43%,8,00:05:04,0,0,0,0%,0,0,0,0%,0,0,0,0%,1244,611,5,5,5,4,0,0,1242,0.3s,39%,9,00:06:29
2018-09-14,83,116,0,923,64,52,38249,57,439,37,0,53,44%,7.7,00:05:19,0,0,0,0%,0,0,0,0%,0,0,0,0%,917,471,3,2,3,3,0,0,891,0.34s,45%,8,00:05:30
2018-09-15,47,70,0,410,33,32,19187,43,179,22,0,22,56%,4.2,00:03:29,0,0,0,0%,0,0,0,0%,0,0,0,0%,405,240,2,2,3,3,0,0,404,0.39s,46%,5.9,00:04:34
2018-09-16,42,62,0,647,165,28,34281,29,238,15,0,51,59%,8.2,00:07:08,0,0,0,0%,0,0,0,0%,0,0,0,0%,642,257,1,1,4,4,0,0,642,0.17s,45%,10.4,00:09:13
2018-09-17,135,206,0,1879,79,86,84880,117,934,70,0,72,50%,8,00:07:10,0,0,0,0%,0,0,0,0%,0,0,0,0%,1851,875,17,16,11,10,0,0,1850,0.8s,42%,9.1,00:06:52
2018-09-18,138,196,0,1668,71,86,85135,98,750,56,0,66,51%,7.7,00:06:44,0,0,0,0%,0,0,0,0%,0,0,0,0%,1647,774,8,8,13,10,0,0,1644,0.44s,44%,8.5,00:07:14
2018-09-19,117,170,0,1527,108,66,79822,107,940,61,0,108,43%,8.8,00:07:33,0,0,0,0%,0,0,0,0%,0,0,0,0%,1521,799,3,3,3,2,0,0,1521,0.56s,39%,9,00:07:50
2018-09-20,127,215,0,1685,94,81,90175,132,939,58,0,77,47%,7.1,00:05:11,0,0,0,0%,0,0,0,0%,0,0,0,0%,1675,867,4,4,6,6,0,0,1674,0.38s,38%,7.8,00:06:59
2018-09-21,105,139,0,1319,205,51,57036,77,593,46,0,58,48%,7.7,00:06:16,0,0,0,0%,0,0,0,0%,0,0,0,0%,1306,589,5,3,8,8,0,0,1299,0.37s,37%,9.5,00:06:50
2018-09-22,41,48,0,414,53,17,24135,19,170,16,0,39,21%,8.9,00:07:27,0,0,0,0%,0,0,0,0%,0,0,0,0%,410,216,2,2,2,2,0,0,409,0.25s,35%,8.6,00:08:23
2018-09-23,48,67,0,572,67,33,24818,39,267,26,0,52,56%,6.8,00:05:37,0,0,0,0%,0,0,0,0%,0,0,0,0%,567,267,3,3,2,2,0,0,565,0.59s,49%,8.5,00:06:10
2018-09-24,81,123,0,1123,92,55,57346,78,619,47,0,60,50%,7.9,00:06:50,0,0,0,0%,0,0,0,0%,0,0,0,0%,1105,518,9,8,9,5,0,0,1103,0.6s,45%,9.1,00:07:46
2018-09-25,106,163,0,2583,435,68,79262,99,1841,56,0,435,43%,18.6,00:08:03,0,0,0,0%,0,0,0,0%,0,0,0,0%,2561,802,18,18,4,4,0,0,2552,0.51s,42%,15.8,00:08:06
2018-09-26,113,154,0,2315,414,56,77608,78,1699,49,0,414,35%,21.8,00:09:50,0,0,0,0%,0,0,0,0%,0,0,0,0%,2300,752,12,12,3,3,0,0,2299,0.31s,36%,15,00:08:24
2018-09-27,126,185,0,1836,122,70,80524,108,1270,61,0,122,42%,11.8,00:07:20,0,0,0,0%,0,0,0,0%,0,0,0,0%,1821,820,6,6,9,9,0,0,1798,0.34s,38%,9.9,00:07:15
2018-09-28,123,179,0,1587,115,67,64238,93,649,55,0,70,44%,7,00:04:20,0,0,0,0%,0,0,0,0%,0,0,0,0%,1560,722,20,19,7,6,0,0,1559,0.46s,37%,8.9,00:05:59
2018-09-29,67,100,0,896,106,37,35458,59,395,33,0,36,49%,6.7,00:04:06,0,0,0,0%,0,0,0,0%,0,0,0,0%,890,427,4,3,2,2,0,0,856,0.39s,37%,9,00:05:55
2018-09-30,83,123,0,1212,154,44,70326,58,463,31,0,48,47%,8,00:05:55,0,0,0,0%,0,0,0,0%,0,0,0,0%,1201,561,5,5,6,6,0,0,1201,0.76s,36%,9.9,00:09:32
2018-10-01,104,148,0,2017,400,59,78834,75,1548,47,0,400,35%,20.6,00:11:47,0,0,0,0%,0,0,0,0%,0,0,0,0%,2010,729,4,3,3,3,0,0,2009,0.27s,40%,13.6,00:08:53
2018-10-02,137,187,0,1790,165,75,77986,90,823,54,0,61,43%,9.1,00:06:18,0,0,0,0%,0,0,0,0%,0,0,0,0%,1770,804,9,8,11,9,0,0,1755,0.38s,40%,9.6,00:06:57
2018-10-03,116,169,0,1528,70,68,73599,85,676,47,0,55,49%,8,00:05:53,0,0,0,0%,0,0,0,0%,0,0,0,0%,1511,699,10,6,7,7,0,0,1511,0.24s,40%,9,00:07:15
2018-10-04,112,149,0,1476,189,58,66036,79,916,52,0,189,46%,11.6,00:07:58,0,0,0,0%,0,0,0,0%,0,0,0,0%,1461,638,10,9,5,5,0,0,1461,0.62s,39%,9.9,00:07:23
2018-10-05,103,145,0,1544,277,62,54146,79,631,49,0,122,54%,8,00:06:18,0,0,0,0%,0,0,0,0%,0,0,0,0%,1537,597,3,3,4,3,0,0,1515,0.27s,43%,10.6,00:06:13
2018-10-06,55,74,0,584,106,34,31627,33,249,20,0,106,55%,7.5,00:04:38,0,0,0,0%,0,0,0,0%,0,0,0,0%,579,285,2,2,3,3,0,0,576,0.29s,46%,7.9,00:07:07
2018-10-07,66,84,0,547,63,43,21337,23,180,16,0,52,57%,7.8,00:05:46,0,0,0,0%,0,0,0,0%,0,0,0,0%,542,276,3,3,2,2,0,0,529,0.43s,51%,6.5,00:04:14
2018-10-08,147,199,0,2018,111,68,104685,81,812,46,0,93,40%,10,00:07:37,0,0,0,0%,0,0,0,0%,0,0,0,0%,1984,868,20,13,14,11,0,0,1906,0.77s,34%,10.1,00:08:46
2018-10-09,131,217,0,2326,286,88,77555,136,1609,61,0,286,48%,11.8,00:04:59,0,0,0,0%,0,0,0,0%,0,0,0,0%,2297,875,18,16,11,10,0,0,2293,0.47s,41%,10.7,00:05:57
2018-10-10,121,204,0,1689,81,91,69689,119,1018,65,0,81,48%,8.6,00:05:29,0,0,0,0%,0,0,0,0%,0,0,0,0%,1679,864,6,6,4,4,0,0,1679,0.35s,45%,8.3,00:05:42
2018-10-11,85,145,0,962,91,68,36725,93,665,44,0,91,46%,7.2,00:04:07,0,0,0,0%,0,0,0,0%,0,0,0,0%,958,523,3,3,1,1,0,0,931,0.28s,47%,6.6,00:04:13
2018-10-12,103,168,0,1298,111,74,59740,103,724,53,0,111,50%,7,00:05:52,0,0,0,0%,0,0,0,0%,0,0,0,0%,1290,603,5,5,3,3,0,0,1288,0.55s,44%,7.7,00:05:56
2018-10-13,63,94,0,768,138,47,27563,50,549,29,0,138,48%,11,00:06:15,0,0,0,0%,0,0,0,0%,0,0,0,0%,766,349,0,0,2,2,0,0,765,0.54s,50%,8.2,00:04:53
2018-10-14,50,86,0,945,104,40,31232,50,420,19,0,93,66%,8.4,00:04:48,0,0,0,0%,0,0,0,0%,0,0,0,0%,936,378,4,3,5,5,0,0,935,0.29s,47%,11,00:06:03
2018-10-15,129,176,0,1975,100,68,82492,80,724,50,0,65,36%,9.1,00:05:47,0,0,0,0%,0,0,0,0%,0,0,0,0%,1956,872,8,7,11,11,0,0,1936,0.29s,39%,11.2,00:07:49
2018-10-16,85,124,0,887,93,51,29388,78,503,45,0,51,47%,6.4,00:03:42,0,0,0,0%,0,0,0,0%,0,0,0,0%,876,458,7,7,4,4,0,0,876,0.51s,41%,7.2,00:03:57
2018-10-17,138,179,0,1623,72,66,74244,63,652,42,0,57,35%,10.3,00:06:02,0,0,0,0%,0,0,0,0%,0,0,0,0%,1604,723,13,13,6,5,0,0,1599,0.28s,37%,9.1,00:06:55
2018-10-18,144,243,0,2737,273,91,117987,166,2015,84,0,273,40%,12.1,00:08:47,0,0,0,0%,0,0,0,0%,0,0,0,0%,2726,1190,4,4,7,7,0,0,2705,0.47s,37%,11.3,00:08:06
2018-10-19,158,212,0,2046,252,112,80029,94,1260,56,0,252,48%,13.4,00:07:06,0,0,0,0%,0,0,0,0%,0,0,0,0%,2033,823,8,8,5,5,0,0,2032,0.28s,53%,9.7,00:06:17
2018-10-20,115,146,0,1097,59,64,55143,57,509,37,0,52,44%,8.9,00:04:39,0,0,0,0%,0,0,0,0%,0,0,0,0%,1086,524,3,3,8,7,0,0,1085,0.45s,44%,7.5,00:06:18
2018-10-21,97,150,0,2185,93,64,89973,67,540,37,0,62,64%,8.1,00:04:32,0,0,0,0%,0,0,0,0%,0,0,0,0%,2177,776,7,6,1,1,0,0,2177,0.53s,43%,14.6,00:10:00
2018-10-22,118,173,0,2373,266,46,87755,93,1023,49,0,68,34%,11,00:07:15,0,0,0,0%,0,0,0,0%,0,0,0,0%,2358,928,10,10,5,5,0,0,2357,0.62s,27%,13.7,00:08:27
2018-10-23,97,146,0,1699,237,53,85320,77,932,46,0,237,35%,12.1,00:08:51,0,0,0,0%,0,0,0,0%,0,0,0,0%,1680,706,7,7,12,12,0,0,1676,0.51s,36%,11.6,00:09:44
2018-10-24,1,2,0,27,19,0,2566,2,27,1,0,19,0%,13.5,00:21:23,0,0,0,0%,,,,,0,0,0,0%,27,17,0,0,0,0,0,0,27,0.36s,0%,13.5,00:21:23
2018-10-25,1,1,0,5,5,0,81,,,,,,0%,0,00:00:00,0,0,0,0%,0,0,0,0%,,,,,5,2,0,0,0,0,0,0,5,0.33s,0%,5,00:01:21
2018-10-27,2,2,0,3,2,1,17,,,,,,0%,0,00:00:00,0,0,0,0%,0,0,0,0%,,,,,3,3,0,0,0,0,0,0,3,0.35s,50%,1.5,00:00:09
2018-10-30,2,2,0,3,2,1,17,,,,,,0%,0,00:00:00,0,0,0,0%,0,0,0,0%,,,,,3,3,0,0,0,0,0,0,3,0.22s,50%,1.5,00:00:09
2018-10-31,3,3,0,3,1,3,0,,,,,,0%,0,00:00:00,0,0,0,0%,0,0,0,0%,,,,,3,3,0,0,0,0,0,0,3,0.22s,100%,1,00:00:00
2018-11-01,2,2,0,2,1,2,0,,,,,,0%,0,00:00:00,0,0,0,0%,0,0,0,0%,,,,,2,2,0,0,0,0,0,0,2,0.24s,100%,1,00:00:00
2018-11-02,26,35,0,464,113,10,14495,15,116,11,0,33,33%,7.7,00:07:10,0,0,0,0%,0,0,0,0%,0,0,0,0%,461,169,2,2,1,1,0,0,459,0.14s,29%,13.3,00:06:54
2018-11-03,61,90,0,1266,303,28,63184,42,782,25,0,303,29%,18.6,00:15:39,0,0,0,0%,0,0,0,0%,0,0,0,0%,1257,458,6,6,3,3,0,0,1256,0.26s,31%,14.1,00:11:42
2018-11-04,45,64,0,712,263,26,19815,37,209,21,0,41,49%,5.6,00:02:09,0,0,0,0%,0,0,0,0%,0,0,0,0%,708,282,4,3,0,0,0,0,708,0.22s,41%,11.1,00:05:10
2018-11-05,104,156,0,1286,73,65,43916,64,469,37,0,73,45%,7.3,00:04:29,0,0,0,0%,0,0,0,0%,0,0,0,0%,1265,611,15,12,6,6,0,0,1250,0.43s,42%,8.2,00:04:42
2018-11-06,123,205,0,2569,216,84,132911,114,1327,58,0,216,46%,11.6,00:09:13,0,0,0,0%,0,0,0,0%,0,0,0,0%,2553,953,14,13,2,2,0,0,2548,0.29s,41%,12.5,00:10:48
2018-11-07,121,177,0,2043,99,66,101045,85,911,45,0,99,48%,10.7,00:09:45,0,0,0,0%,0,0,0,0%,0,0,0,0%,2023,839,11,11,9,6,0,0,1992,0.4s,37%,11.5,00:09:31
2018-11-08,122,179,0,2470,305,61,112677,106,1401,62,0,305,38%,13.2,00:10:33,0,0,0,0%,0,0,0,0%,0,0,0,0%,2457,922,8,8,5,5,0,0,2456,0.64s,34%,13.8,00:10:29
2018-11-09,125,167,0,2289,152,47,80845,72,670,39,0,89,46%,9.3,00:06:01,0,0,0,0%,0,0,0,0%,0,0,0,0%,2279,881,5,5,5,5,0,0,2273,0.22s,28%,13.7,00:08:04
2018-11-10,94,123,0,1889,92,32,71784,48,512,31,0,79,44%,10.7,00:05:39,0,0,0,0%,0,0,0,0%,0,0,0,0%,1885,661,3,3,1,1,0,0,1883,0.17s,26%,15.4,00:09:44
2018-11-11,58,103,0,1325,180,36,56090,62,732,29,0,180,44%,11.8,00:08:02,0,0,0,0%,0,0,0,0%,0,0,0,0%,1319,527,4,4,2,2,0,0,1294,0.16s,35%,12.9,00:09:05
2018-11-12,100,163,0,1546,158,67,62452,102,932,49,0,158,49%,9.1,00:06:23,0,0,0,0%,0,0,0,0%,0,0,0,0%,1538,702,4,3,4,4,0,0,1508,0.23s,41%,9.5,00:06:23
2018-11-13,114,154,0,1379,56,54,58072,75,587,47,0,37,40%,7.8,00:04:07,0,0,0,0%,0,0,0,0%,0,0,0,0%,1367,691,3,3,9,9,0,0,1361,0.27s,35%,9,00:06:17
2018-11-14,120,170,0,1267,78,66,63348,87,737,53,0,78,41%,8.5,00:06:27,0,0,0,0%,0,0,0,0%,0,0,0,0%,1254,699,7,7,6,6,0,0,1238,0.36s,39%,7.5,00:06:13
2018-11-15,114,181,0,1585,124,81,74031,110,1016,53,0,124,54%,9.2,00:06:03,0,0,0,0%,0,0,0,0%,0,0,0,0%,1575,719,3,3,7,7,0,0,1572,0.31s,45%,8.8,00:06:49
2018-11-16,127,172,0,1710,167,64,79292,85,894,47,0,167,46%,10.5,00:07:10,0,0,0,0%,0,0,0,0%,0,0,0,0%,1684,736,14,12,12,11,0,0,1684,1.03s,37%,9.9,00:07:41
2018-11-17,56,83,0,722,105,38,36973,48,350,24,0,105,65%,7.3,00:05:38,0,0,0,0%,0,0,0,0%,0,0,0,0%,719,329,3,3,0,0,0,0,718,0.65s,46%,8.7,00:07:25
2018-11-18,64,89,0,710,74,34,24728,46,411,25,0,74,41%,8.9,00:04:56,0,0,0,0%,0,0,0,0%,0,0,0,0%,708,368,1,1,1,1,0,0,706,0.41s,38%,8,00:04:38
2018-11-19,113,181,0,1739,105,84,74548,115,1095,58,0,105,51%,9.5,00:06:47,0,0,0,0%,0,0,0,0%,0,0,0,0%,1721,793,11,11,7,6,0,0,1709,0.47s,46%,9.6,00:06:52
2018-11-20,97,136,0,1178,92,53,62068,86,805,55,0,92,48%,9.4,00:07:29,0,0,0,0%,0,0,0,0%,0,0,0,0%,1167,570,8,8,3,3,0,0,1163,0.53s,39%,8.7,00:07:36
2018-11-21,102,142,0,1098,93,62,48736,75,551,49,0,43,45%,7.3,00:06:15,0,0,0,0%,0,0,0,0%,0,0,0,0%,1085,614,3,3,10,10,0,0,1073,0.35s,44%,7.7,00:05:43
2018-11-22,101,144,0,1311,106,56,48186,88,815,55,0,55,42%,9.3,00:06:00,0,0,0,0%,0,0,0,0%,0,0,0,0%,1308,655,1,1,2,2,0,0,1294,0.44s,39%,9.1,00:05:35
2018-11-23,72,113,0,830,93,58,28223,65,441,30,0,87,58%,6.8,00:03:26,0,0,0,0%,0,0,0,0%,0,0,0,0%,823,421,5,5,2,2,0,0,823,0.34s,51%,7.3,00:04:10
2018-11-24,69,102,0,797,69,42,29545,47,318,24,0,55,49%,6.8,00:04:41,0,0,0,0%,0,0,0,0%,0,0,0,0%,786,406,10,9,1,1,0,0,785,0.36s,41%,7.8,00:04:50
2018-11-25,52,63,0,673,112,27,21858,23,274,18,0,112,39%,11.9,00:06:01,0,0,0,0%,0,0,0,0%,0,0,0,0%,657,301,10,9,6,6,0,0,633,0.29s,43%,10.7,00:05:47
2018-11-26,107,156,0,1696,205,69,77186,76,933,39,0,205,53%,12.3,00:08:14,0,0,0,0%,0,0,0,0%,0,0,0,0%,1684,665,7,7,5,5,0,0,1681,0.27s,44%,10.9,00:08:15
2018-11-27,124,202,0,1625,180,88,99634,112,917,63,0,180,52%,8.2,00:06:36,0,0,0,0%,0,0,0,0%,0,0,0,0%,1616,758,4,4,5,5,0,0,1615,0.4s,44%,8,00:08:13
2018-11-28,118,191,0,1689,106,79,87056,113,911,59,0,106,49%,8.1,00:06:05,0,0,0,0%,0,0,0,0%,0,0,0,0%,1683,852,5,5,1,1,0,0,1682,0.46s,41%,8.8,00:07:36
2018-11-29,109,161,0,2146,499,72,89911,95,1086,55,0,341,52%,11.4,00:09:24,0,0,0,0%,0,0,0,0%,0,0,0,0%,2130,748,7,6,9,9,0,0,2127,0.32s,45%,13.3,00:09:18
2018-11-30,116,182,0,2285,121,69,109265,103,1290,56,0,121,48%,12.5,00:09:55,0,0,0,0%,0,0,0,0%,0,0,0,0%,2271,910,13,10,1,1,0,0,2269,0.47s,38%,12.6,00:10:00
2018-12-01,52,80,0,661,250,41,33518,44,397,24,0,250,66%,9,00:07:06,0,0,0,0%,0,0,0,0%,0,0,0,0%,655,297,4,4,2,2,0,0,653,1.83s,51%,8.3,00:06:59
2018-12-02,50,81,0,648,143,43,30219,51,327,27,0,143,59%,6.4,00:04:28,0,0,0,0%,0,0,0,0%,0,0,0,0%,643,287,4,4,1,1,0,0,642,0.58s,53%,8,00:06:13
2018-12-03,104,197,0,2399,294,89,102412,134,1819,55,0,294,54%,13.6,00:08:19,0,0,0,0%,0,0,0,0%,0,0,0,0%,2392,912,4,4,3,3,0,0,2392,0.29s,45%,12.2,00:08:40
2018-12-04,104,185,0,2457,300,79,94024,119,1789,54,0,300,51%,15,00:08:40,0,0,0,0%,0,0,0,0%,0,0,0,0%,2439,879,11,10,7,7,0,0,2439,0.23s,43%,13.3,00:08:28
2018-12-05,130,194,0,1592,108,89,77196,100,845,56,0,49,52%,8.5,00:07:01,0,0,0,0%,0,0,0,0%,0,0,0,0%,1579,792,8,7,5,5,0,0,1576,0.41s,46%,8.2,00:06:38
2018-12-06,99,160,0,2106,226,66,71017,106,1527,52,0,226,48%,14.4,00:07:54,0,0,0,0%,0,0,0,0%,0,0,0,0%,2095,824,10,5,1,1,0,0,2095,0.38s,41%,13.2,00:07:24